DAY,T_mean,RH_max,P_mean
1/1/12,9.5,60.6,1026.1
1/2/12,8.6,63.5,1027.6
1/3/12,8.8,69.9,1026.9
1/4/12,10.3,77.6,1026
1/5/12,10.7,80.8,1018.1
1/6/12,13.5,75.1,1004.7
1/7/12,9.8,64.5,1007.5
1/8/12,8,62.7,1013.1
1/9/12,8.1,56.5,1017.4
1/10/12,6.8,70.5,1020.7
1/11/12,5.4,81.7,1024.6
1/12/12,6.9,66.8,1027.2
1/13/12,8.4,68.6,1024.4
1/14/12,9.8,72.5,1016.8
1/15/12,6.2,67.3,1016.4
1/16/12,4.5,47,1022.9
1/17/12,4.5,52.2,1026.8
1/18/12,5.4,54,1032.3
1/19/12,6.2,56.9,1033.7
1/20/12,11.1,65.5,1026.1
1/21/12,11.4,62,1015.2
1/22/12,9.3,51.9,1017.7
1/23/12,11,72,1018.5
1/24/12,11.9,85.7,1016.2
1/25/12,10.8,76.2,1004.8
1/26/12,7.1,69.4,1015.1
1/27/12,7.1,64.7,1027.2
1/28/12,6.5,73.1,1028.9
1/29/12,6.8,63.3,1024.5
1/30/12,3.7,63.7,1021.8
1/31/12,2,65.8,1023.3
2/1/12,3.3,65.3,1025.2
2/2/12,6.8,80.4,1021.6
2/3/12,11.9,77.1,1022.8
2/4/12,14,77.5,1022.7
2/5/12,14.9,77.2,1020.2
2/6/12,13.4,75.7,1015.1
2/7/12,10.5,79.5,1007
2/8/12,5.7,70.2,1018.9
2/9/12,4.3,74.9,1020.8
2/10/12,6.5,70.6,1025.3
2/11/12,10.4,74.3,1024.5
2/12/12,10.7,84.8,1021.1
2/13/12,11.3,75.8,1015.5
2/14/12,9.4,74.5,1012.9
2/15/12,8.5,65.4,1012
2/16/12,7.9,67.1,1010.7
2/17/12,5.7,49.4,1020.1
2/18/12,8.3,45.3,1023.5
2/19/12,10,61.5,1028.7
2/20/12,10.2,78.8,1030.4
2/21/12,11.4,67.8,1030.5
2/22/12,11,76,1026.2
2/23/12,11.5,67.5,1023.2
2/24/12,11.9,63.8,1019.3
2/25/12,13.5,63.5,1018.3
2/26/12,13.5,75.1,1012.7
2/27/12,9.1,76.8,1007.6
2/28/12,4.8,63.4,1016.3
2/29/12,6.5,56.5,1014.5
3/1/12,5.4,69.9,1025.4
3/2/12,8.6,66.4,1025.3
3/3/12,13.3,64.4,1019.7
3/4/12,12.3,60.1,1021.9
3/5/12,11.4,81.6,1019.2
3/6/12,11.8,69.4,1022.4
3/7/12,12.7,67.8,1024.8
3/8/12,13.9,71.8,1023.8
3/9/12,13.8,74.3,1029.9
3/10/12,10.5,61.5,1028.6
3/11/12,8.7,67.4,1020.7
3/12/12,7.6,73.7,1011.8
3/13/12,7.8,65.4,1018.1
3/14/12,10.4,56.1,1023
3/15/12,11.8,55.5,1025.7
3/16/12,10.7,64.5,1032.4
3/17/12,12.2,73.4,1032
3/18/12,13.7,76.5,1030.3
3/19/12,14.2,77.6,1029.2
3/20/12,15.1,74.2,1030.9
3/21/12,17.6,53.3,1031.4
3/22/12,18,43.6,1028.9
3/23/12,17.7,40.7,1028.3
3/24/12,16.5,53.5,1023.4
3/25/12,16.2,55.7,1020.5
3/26/12,17.5,47.2,1018.8
3/27/12,15.3,54.3,1023.5
3/28/12,14.5,55.9,1020.9
3/29/12,14.9,61.9,1020.8
3/30/12,18.1,48.4,1012.9
3/31/12,16.5,59.9,1012.9
4/1/12,16.9,60.4,1010.7
4/2/12,14.9,60.8,1018.9
4/3/12,15.9,68.8,1020.3
4/4/12,18.4,68.7,1019.2
4/5/12,17.7,68,1015.9
4/6/12,19.2,62.3,1010.9
4/7/12,19.7,62,1009.2
4/8/12,18.4,55.6,1003.2
4/9/12,13.2,67.8,1004.3
4/10/12,11,65.3,1014.8
4/11/12,13.3,62,1014.6
4/12/12,16,65.6,1010.7
4/13/12,16.9,76.1,1009.2
4/14/12,18.2,67.9,1001.7
4/15/12,17.8,54.4,1009.5
4/16/12,18.4,55.9,1011.6
4/17/12,19.3,56.6,1010.3
4/18/12,15.5,68.7,1004
4/19/12,17.8,58.8,1010.1
4/20/12,17.9,63.6,1009.5
4/21/12,18.2,50.9,1016
4/22/12,18.1,50.9,1017.7
4/23/12,18.7,54.8,1016.9
4/24/12,18.9,58.2,1016.8
4/25/12,20.1,55.5,1014.9
4/26/12,20.4,54.5,1018.1
4/27/12,20.8,46.2,1017.8
4/28/12,19.9,53.8,1018
4/29/12,22.3,47.6,1016.5
4/30/12,25.2,32,1014.7
5/1/12,24.9,33,1014.4
5/2/12,25.4,34.8,1013
5/3/12,23.8,43.7,1008.7
5/4/12,23,51.7,1008.5
5/5/12,23.1,50.1,1012.4
5/6/12,23.1,45.9,1015.2
5/7/12,23.9,47.6,1015.7
5/8/12,25.6,40.6,1013.6
5/9/12,24.3,46.1,1017.2
5/10/12,22.8,54.6,1019.1
5/11/12,22.1,60.5,1019.4
5/12/12,25,47.1,1017.1
5/13/12,24.7,49.6,1011.5
5/14/12,23.5,56.1,1010.7
5/15/12,21.1,49.9,1008.8
5/16/12,20.3,50.2,1009.6
5/17/12,17.9,60.9,1007.7
5/18/12,14.8,76.1,1011.9
5/19/12,19,66.5,1015.6
5/20/12,20.6,67.6,1015.3
5/21/12,20.3,68.5,1015
5/22/12,21.8,53.5,1011.1
5/23/12,21.6,51.5,1012.2
5/24/12,20,61.3,1010.8
5/25/12,20.7,63.2,1014.6
5/26/12,21.7,61.6,1015.6
5/27/12,21.1,71.2,1014.8
5/28/12,21.8,58.5,1012.1
5/29/12,21.1,55.6,1012.8
5/30/12,20.1,63.9,1016.4
5/31/12,21.3,62,1017.9
6/1/12,22.5,59.4,1017
6/2/12,23.6,58.1,1018.6
6/3/12,24.4,56.5,1018.7
6/4/12,25.2,51.3,1015.4
6/5/12,25.9,44.4,1010.1
6/6/12,24.3,50.4,1011.8
6/7/12,25.2,53.8,1014
6/8/12,26.7,46.6,1015.9
6/9/12,29,42.7,1015.9
6/10/12,28.4,49.6,1012.6
6/11/12,27.2,50.3,1009.5
6/12/12,28.4,49.5,1009.6
6/13/12,30.6,42.6,1009.7
6/14/12,31,39.9,1013.1
6/15/12,29.8,45.2,1015.6
6/16/12,29.1,39.4,1016
6/17/12,28.7,33,1016
6/18/12,29,31.2,1014.6
6/19/12,29.5,37.7,1011.9
6/20/12,30,39.9,1009.8
6/21/12,30.9,26.3,1009.4
6/22/12,31.3,32,1011.8
6/23/12,31.8,32.6,1014
6/24/12,31.7,35.5,1013.5
6/25/12,30.7,46.2,1011.6
6/26/12,30,47.1,1011.6
6/27/12,28.7,50.3,1014.2
6/28/12,27.5,42.7,1015.2
6/29/12,28.1,38,1013.9
6/30/12,28.9,37,1014.6
7/1/12,28.1,37.9,1014.4
7/2/12,27.2,40.3,1016.1
7/3/12,27.5,39.4,1015.8
7/4/12,28.3,40.1,1013.5
7/5/12,29.7,40.6,1011.1
7/6/12,31.2,40.5,1011.3
7/7/12,30.6,48,1010.8
7/8/12,31.8,42.8,1009.6
7/9/12,32.6,39.3,1010.2
7/10/12,32.7,42.5,1011.1
7/11/12,31.8,45.1,1012.1
7/12/12,32.4,40.7,1012.2
7/13/12,32.6,39.6,1009
7/14/12,33.4,37.4,1011.4
7/15/12,34.2,31.7,1011.4
7/16/12,33.3,41.2,1009.3
7/17/12,30.5,49.8,1012.4
7/18/12,29.4,43,1013.8
7/19/12,29.5,36.4,1013.3
7/20/12,30.8,33.2,1012.2
7/21/12,31.9,30.4,1010.4
7/22/12,31,36.5,1009
7/23/12,31.3,42.4,1011.4
7/24/12,29.9,58.6,1011.8
7/25/12,30.3,56.1,1010.9
7/26/12,30.4,52.8,1008.5
7/27/12,31.8,43.8,1007.3
7/28/12,32.4,36.2,1008.3
7/29/12,33.8,33,1009.5
7/30/12,33.3,35.5,1008.9
7/31/12,32.3,39.2,1009.3
8/1/12,30.1,37.9,1011.6
8/2/12,29.2,47.1,1012.4
8/3/12,30.4,42.8,1012.8
8/4/12,30.3,48.7,1012.7
8/5/12,32.5,35.6,1013.7
8/6/12,33.6,32.6,1014.3
8/7/12,34.6,30.2,1012.9
8/8/12,35,28.1,1012.6
8/9/12,33.6,34.9,1013
8/10/12,31.8,39.2,1011.5
8/11/12,28.7,51.9,1010.5
8/12/12,27.6,56.7,1012.1
8/13/12,27.7,58.8,1013
8/14/12,28.7,52.6,1013.2
8/15/12,28.9,54.2,1012.4
8/16/12,30,50.9,1012.5
8/17/12,30.4,38.3,1014.1
8/18/12,29,39.3,1016.5
8/19/12,28.1,39.5,1018.3
8/20/12,27.7,39.7,1019.1
8/21/12,29,37.2,1016.2
8/22/12,32.2,32.1,1015.3
8/23/12,33.3,30.4,1014.1
8/24/12,32.9,28.5,1012.1
8/25/12,32.8,30,1011.6
8/26/12,30.7,44.5,1009.4
8/27/12,31.6,41.9,1010
8/28/12,26.9,42.7,1017.4
8/29/12,27,35.7,1018.5
8/30/12,27.4,31.7,1016.7
8/31/12,27.9,33.1,1015
9/1/12,27.7,37.5,1017.3
9/2/12,26.8,47.2,1018.5
9/3/12,27.3,43.4,1017.2
9/4/12,27,47.4,1014.8
9/5/12,27,55.9,1013.9
9/6/12,26.8,66.3,1012.7
9/7/12,27.8,47.3,1015.5
9/8/12,26.4,45.9,1016.1
9/9/12,27.2,39.5,1016.3
9/10/12,26.2,43.1,1018.6
9/11/12,25.1,47.9,1017.3
9/12/12,23.9,62,1014.4
9/13/12,25,67.9,1010.5
9/14/12,26.3,69.2,1013.7
9/15/12,25.3,58.3,1011.9
9/16/12,22.2,71.6,1012
9/17/12,23.4,70.5,1014.6
9/18/12,24.3,66.5,1014.5
9/19/12,24.5,67.5,1013.8
9/20/12,25.3,62.6,1014
9/21/12,23.7,53.9,1018
9/22/12,22.4,53.5,1018.8
9/23/12,23.4,57.5,1019.7
9/24/12,24.1,52.1,1016.9
9/25/12,25.3,62.9,1013.4
9/26/12,27.7,52.5,1016.1
9/27/12,27.2,57,1017.4
9/28/12,28.2,44.4,1017.8
9/29/12,28.6,34.8,1017.8
9/30/12,28.6,35.7,1017.9
10/1/12,26.9,47.2,1019.2
10/2/12,25.3,61.7,1018.7
10/3/12,26,59.5,1015.1
10/4/12,25,57.7,1014.7
10/5/12,24.7,56.5,1019
10/6/12,24.6,47.3,1019.8
10/7/12,24.1,50.8,1017.9
10/8/12,24.5,57.9,1012.6
10/9/12,22.3,62,1013.8
10/10/12,21.2,66.5,1011.3
10/11/12,22.1,64.4,1015.7
10/12/12,22.5,73.7,1017.4
10/13/12,23.6,72,1017.1
10/14/12,23.1,72.6,1016.6
10/15/12,23.3,78.2,1018.3
10/16/12,24.5,77.9,1020.4
10/17/12,25.4,70.7,1020.8
10/18/12,24.7,55.6,1021.4
10/19/12,23.5,51.8,1021.4
10/20/12,22,49.3,1019.7
10/21/12,20.6,54.6,1017.6
10/22/12,18.6,73.7,1016.6
10/23/12,18,79.1,1016.7
10/24/12,18.2,77.9,1016.6
10/25/12,18.7,67.7,1015.8
10/26/12,18.9,71.5,1013.6
10/27/12,21,76.6,1011.8
10/28/12,23.8,71.9,1011.6
10/29/12,22.4,68.9,1008.8
10/30/12,19.4,51.6,1014.6
10/31/12,19.2,54.1,1015.8
11/1/12,21.6,73.9,1014.4
11/2/12,22.5,65,1013.9
11/3/12,20.8,63.4,1018.5
11/4/12,20.1,70.3,1019.1
11/5/12,20.2,70.8,1017.1
11/6/12,23.1,65,1015.5
11/7/12,20.7,65.8,1017.6
11/8/12,14.7,66.8,1020.9
11/9/12,15.3,61.2,1019.8
11/10/12,15.1,66,1024.4
11/11/12,15.4,64,1026.7
11/12/12,15.4,66.2,1026.5
11/13/12,15.9,67.2,1024.1
11/14/12,15.2,67.7,1024.1
11/15/12,15.6,67.7,1023.6
11/16/12,16.5,71.2,1021.2
11/17/12,16.5,74.7,1019.2
11/18/12,16.4,70.9,1019.9
11/19/12,16.2,75.4,1019.7
11/20/12,17.3,84.9,1017.4
11/21/12,15.9,88.9,1019.3
11/22/12,15.7,68.2,1023.5
11/23/12,15.1,68.5,1024.6
11/24/12,14.6,73.4,1024.7
11/25/12,14.2,68.4,1024.9
11/26/12,14.4,70.5,1023.9
11/27/12,15.1,77.3,1021.5
11/28/12,17.5,81.5,1019.1
11/29/12,19.3,76.6,1015
11/30/12,18.7,81.3,1013.4
12/1/12,16.3,82.9,1017
12/2/12,16.4,78.9,1017.3
12/3/12,14.9,61.2,1010.8
12/4/12,10.9,49.1,1012.8
12/5/12,12.1,70.1,1010.6
12/6/12,12.8,65.6,1009.1
12/7/12,11.1,63.1,1017.6
12/8/12,12.2,71.5,1017.3
12/9/12,13.2,73.8,1005.9
12/10/12,9.4,68.5,1012.8
12/11/12,11.8,68.6,1012.9
12/12/12,11.2,57.9,1021
12/13/12,9.3,62.5,1028.8
12/14/12,9.9,61,1029.8
12/15/12,11.4,68.8,1029.7
12/16/12,13.6,78.8,1024
12/17/12,15.1,78,1014.4
12/18/12,13.1,79.9,1009.4
12/19/12,11,70.6,1009.9
12/20/12,8.9,64.6,1016.3
12/21/12,9.6,66.8,1016.5
12/22/12,9.7,74.8,1018
12/23/12,8.7,61.6,1022.5
12/24/12,9,67.3,1026.8
12/25/12,10.6,73,1027.2
12/26/12,11.8,81.3,1025.5
12/27/12,13.3,80.5,1022.2
12/28/12,13.5,82.2,1019.9
12/29/12,12.1,86.4,1018
12/30/12,10.4,88.2,1022.4
12/31/12,10.8,80.5,1022.8
1/1/13,11.4,78.3,1022.7
1/2/13,11,82.7,1028.8
1/3/13,11.7,78.5,1031.6
1/4/13,11.3,64,1028.5
1/5/13,11.4,57.4,1018.9
1/6/13,8.7,65.5,1014.7
1/7/13,8.3,49.2,1018.6
1/8/13,3.2,70.6,1024.9
1/9/13,5.1,60.5,1026.1
1/10/13,7.7,64.2,1024.1
1/11/13,13.3,79.3,1017.2
1/12/13,11.7,74.9,1019.5
1/13/13,10.5,73.1,1025.3
1/14/13,12,77.5,1027.2
1/15/13,13.3,80.3,1025.9
1/16/13,13.7,76.3,1016.9
1/17/13,13.6,73.6,1010.2
1/18/13,12.4,74.8,1004.7
1/19/13,11.2,65.4,1013.1
1/20/13,14.1,73.1,1015.9
1/21/13,15.2,75.7,1013.6
1/22/13,14.5,71.1,1011
1/23/13,13.8,62.1,1016.1
1/24/13,13.1,79.5,1014.7
1/25/13,11.7,78.7,1005.8
1/26/13,10.9,79.8,1006.9
1/27/13,9.8,73.9,1015.7
1/28/13,10.5,71.5,1017.7
1/29/13,9,77.2,1021
1/30/13,11.2,53.6,1020.4
1/31/13,12.2,59.5,1018.7
2/1/13,12.1,56.1,1019.6
2/2/13,14,75.1,1013.2
2/3/13,16.2,79.3,1015.3
2/4/13,16,78.1,1017
2/5/13,14.7,73.5,1017.3
2/6/13,13.4,75.2,1011.7
2/7/13,14,74.1,1007.2
2/8/13,11.9,66,1009.5
2/9/13,11.8,65.7,1013.2
2/10/13,11.9,60.9,1013.3
2/11/13,10.4,59.7,1019.6
2/12/13,11.8,69,1019.9
2/13/13,12.4,77.2,1017.3
2/14/13,10,84.3,1013.9
2/15/13,9.9,80.2,1018.8
2/16/13,11.1,75.9,1019.5
2/17/13,8.4,81,1019.9
2/18/13,9.4,71,1020.4
2/19/13,11.1,78.9,1018.5
2/20/13,11.3,62.7,1019.4
2/21/13,11.9,73.7,1019
2/22/13,12.1,85.3,1009.4
2/23/13,13.3,79.6,1018.9
2/24/13,15.5,72.4,1020.6
2/25/13,16.4,73.9,1019.9
2/26/13,15.4,67.7,1019
2/27/13,12.7,61.6,1020.4
2/28/13,10.3,68.8,1024.6
3/1/13,10.7,63.8,1023.7
3/2/13,11.8,71.4,1017.6
3/3/13,11.4,70.7,1017
3/4/13,11.5,66,1024.2
3/5/13,11.1,61.6,1031.6
3/6/13,11.5,57.2,1030.6
3/7/13,12.7,78.2,1021.3
3/8/13,13.6,82.4,1014.3
3/9/13,16,74.3,1011.9
3/10/13,16.3,68.7,1011.3
3/11/13,16.7,72.4,1007.1
3/12/13,16.9,55.5,1008.3
3/13/13,15.8,68.7,1008.8
3/14/13,17.3,63.1,1006.7
3/15/13,13.9,58.3,1004.4
3/16/13,11,59.6,1018.6
3/17/13,10.2,58.8,1023.9
3/18/13,11.6,70.7,1023.1
3/19/13,15.2,76.1,1014.8
3/20/13,16.1,71.4,1014.2
3/21/13,17.5,66.3,1009.6
3/22/13,14.8,47.9,1010
3/23/13,14,42.1,1016.5
3/24/13,14.6,69.8,1017.6
3/25/13,16.4,73,1014.5
3/26/13,16.7,62.6,1006.1
3/27/13,16.8,63.2,1012.2
3/28/13,15.5,74.2,1019.4
3/29/13,15.9,75.9,1019.3
3/30/13,18.6,65.3,1016.6
3/31/13,17.8,72.9,1011.7
4/1/13,18.3,53.1,1013.3
4/2/13,18.9,56.6,1013
4/3/13,18,58.8,1006.8
4/4/13,18,51.5,1015.3
4/5/13,17.9,58.3,1015.7
4/6/13,19.3,59.8,1010.8
4/7/13,18.7,62.5,1004.8
4/8/13,15.3,69.5,1013.9
4/9/13,16.2,64.4,1017.4
4/10/13,16.8,63.7,1017.1
4/11/13,17.8,62,1018.2
4/12/13,18,58.9,1019.8
4/13/13,19.2,57.2,1020.7
4/14/13,19.6,54.6,1020.6
4/15/13,15.8,56.3,1019.8
4/16/13,15.2,56.3,1020.3
4/17/13,16.5,39.1,1020.6
4/18/13,15.4,39.9,1020.4
4/19/13,14.7,50,1017
4/20/13,15.7,50.7,1018.8
4/21/13,17.5,50.2,1017.6
4/22/13,18.5,48.5,1020.3
4/23/13,18.6,53.3,1025.4
4/24/13,20.4,49.3,1028
4/25/13,22.5,43.5,1026.7
4/26/13,22.2,45.9,1022.1
4/27/13,22.2,42.9,1016.3
4/28/13,21.6,45.9,1019.5
4/29/13,21.9,47.4,1021.2
4/30/13,25.1,38,1020.8
5/1/13,26,36.8,1019
5/2/13,26.2,31.7,1015.3
5/3/13,24.1,48.2,1013.9
5/4/13,24.1,55,1016
5/5/13,25.2,50.3,1019
5/6/13,26,45.4,1019.6
5/7/13,24.9,45.9,1016.5
5/8/13,21.3,65.8,1014.1
5/9/13,20,65.3,1014
5/10/13,20.1,64.5,1014.1
5/11/13,21.6,61.3,1012.7
5/12/13,22.8,57.3,1007.9
5/13/13,20.3,59.3,1007.3
5/14/13,19.3,64.3,1012.4
5/15/13,21.2,60.9,1013.5
5/16/13,21.1,62.9,1014.3
5/17/13,22.2,67.8,1015.3
5/18/13,24.4,60.6,1017.1
5/19/13,26.4,52.9,1016.1
5/20/13,26.4,55.7,1014.7
5/21/13,26.1,51.7,1015
5/22/13,25.4,50.1,1012.2
5/23/13,25.2,49.3,1008.2
5/24/13,23,49.1,1014.5
5/25/13,23.1,49.4,1015.7
5/26/13,24,45.4,1014.9
5/27/13,22.4,42.3,1016.3
5/28/13,22.1,57.2,1015.3
5/29/13,25.4,51.2,1006.4
5/30/13,25.2,49.1,1008.3
5/31/13,24,42.5,1010.8
6/1/13,20.7,55.5,1012.7
6/2/13,21.7,54,1012
6/3/13,22.4,52.4,1013.3
6/4/13,23.4,53.2,1013.9
6/5/13,23.7,51.4,1015.6
6/6/13,24,56.6,1017.7
6/7/13,23.9,54.2,1016.3
6/8/13,24.2,58.9,1013.3
6/9/13,24,59.4,1015.6
6/10/13,25.8,53.3,1015.2
6/11/13,26.7,48.8,1010.8
6/12/13,23.1,59.2,1009.6
6/13/13,21.8,65.7,1012
6/14/13,23.3,62.7,1014.7
6/15/13,24.9,58.9,1015.2
6/16/13,26.6,61.1,1016.3
6/17/13,29.3,44.9,1016.5
6/18/13,30,42.5,1016.2
6/19/13,29.7,40.3,1014.9
6/20/13,30.2,38.6,1015.4
6/21/13,28.4,42.8,1015.2
6/22/13,29.5,35.3,1013.8
6/23/13,29.6,44.2,1012
6/24/13,29.9,45,1010.1
6/25/13,29.7,43.4,1010
6/26/13,29.1,48.8,1012.7
6/27/13,28.6,53.6,1013.8
6/28/13,27.5,57.8,1014.2
6/29/13,26.9,48.8,1013.4
6/30/13,26.1,46.8,1013
7/1/13,26.2,49.2,1017.4
7/2/13,26.6,52.3,1017.8
7/3/13,27.1,43,1015.6
7/4/13,27.3,41.5,1014.1
7/5/13,27.6,43.4,1013.7
7/6/13,27.9,48.3,1012.8
7/7/13,28.7,47.6,1015.8
7/8/13,29.8,39.9,1016.2
7/9/13,30,42,1015
7/10/13,29.2,44.3,1011.1
7/11/13,29.2,45.5,1011.4
7/12/13,29.3,48.5,1013.7
7/13/13,29.4,46,1014
7/14/13,29.4,42.7,1014
7/15/13,28.6,42.8,1013.7
7/16/13,28.2,43.2,1014.8
7/17/13,25.9,51.7,1016.1
7/18/13,26.9,44,1017.4
7/19/13,27.4,40.2,1016.3
7/20/13,28.3,38.7,1012.7
7/21/13,29.7,39.1,1012.6
7/22/13,26.8,50.3,1013.3
7/23/13,27.3,40.1,1012.8
7/24/13,29.7,32.1,1014.1
7/25/13,29.6,41,1014.7
7/26/13,30.7,39,1012.7
7/27/13,30.5,37.4,1014.4
7/28/13,30.3,39.1,1016.8
7/29/13,31,35.4,1016.8
7/30/13,31.5,41.9,1013.1
7/31/13,31.8,42.3,1010.3
8/1/13,29.1,48.2,1014.7
8/2/13,29.1,43.2,1015.3
8/3/13,29.9,39.4,1014.9
8/4/13,31.2,37.8,1014.9
8/5/13,28.6,38.6,1015.7
8/6/13,28.7,37.8,1013.5
8/7/13,29.2,37.8,1014.4
8/8/13,30,36.1,1015.1
8/9/13,30.2,37.8,1013.8
8/10/13,29.1,52.2,1009.4
8/11/13,29.4,39.6,1011.7
8/12/13,29.6,38.8,1014.1
8/13/13,30.3,35.7,1013.5
8/14/13,30.4,34.7,1011.4
8/15/13,30.2,39,1012.4
8/16/13,29,52,1012.8
8/17/13,28.8,51.4,1014
8/18/13,29.2,38,1016
8/19/13,29.5,37.9,1014.5
8/20/13,29.8,36.5,1012.5
8/21/13,28.3,44.7,1012.9
8/22/13,27.6,48.7,1012.5
8/23/13,28.2,41,1014.7
8/24/13,27.9,41.1,1014.8
8/25/13,27.9,47.7,1012.5
8/26/13,28.4,49.5,1013.1
8/27/13,29.5,49.2,1013
8/28/13,30.8,46.7,1012.4
8/29/13,30.1,50.7,1013.4
8/30/13,29.5,47.6,1014.5
8/31/13,27.2,46.6,1016.6
9/1/13,26.6,42.9,1018.9
9/2/13,26.8,42.1,1019.7
9/3/13,26.7,55.1,1019.2
9/4/13,26.1,49.4,1020.5
9/5/13,25,45.8,1020.3
9/6/13,25.5,57.7,1014.8
9/7/13,25.3,63,1017.5
9/8/13,25.9,47.9,1021
9/9/13,25.6,41.6,1021.8
9/10/13,25.6,55.1,1019.6
9/11/13,26.9,59.2,1017.2
9/12/13,27.8,61,1015.5
9/13/13,28,58.2,1015.2
9/14/13,26,48.9,1017.5
9/15/13,25.4,46.1,1016.5
9/16/13,24.9,59.7,1012
9/17/13,24.9,59.2,1007.3
9/18/13,26.6,49.6,1006
9/19/13,25.3,56.5,1008.7
9/20/13,24.7,62.4,1015.4
9/21/13,23.5,61.5,1018.4
9/22/13,21.8,54.2,1019.5
9/23/13,21.7,50,1018.4
9/24/13,22.5,57.6,1015.7
9/25/13,23.6,65.5,1017.5
9/26/13,24,65.6,1017.1
9/27/13,24.8,59.9,1014.3
9/28/13,24.1,64,1015
9/29/13,24.3,67.2,1014.8
9/30/13,25,69.7,1012
10/1/13,23.1,70.8,1004.9
10/2/13,20.5,64.6,1016.5
10/3/13,16.1,65.6,1025.8
10/4/13,14.5,61.5,1028.9
10/5/13,14.9,57.3,1028.8
10/6/13,15.7,59.9,1028.1
10/7/13,17.4,57.4,1028.6
10/8/13,19.2,57.2,1028.2
10/9/13,19.8,60.7,1025.5
10/10/13,19.2,79,1022.1
10/11/13,22.1,72.6,1023.4
10/12/13,23.2,76.2,1024.1
10/13/13,23.7,64.4,1022.7
10/14/13,23.1,56.9,1021.9
10/15/13,21.8,72.3,1021.1
10/16/13,21.4,77.5,1015.1
10/17/13,19.2,57.7,1009.7
10/18/13,20.4,54.2,1019.5
10/19/13,20.1,46.9,1029.1
10/20/13,18.6,55.4,1030.9
10/21/13,18.2,61.1,1027.4
10/22/13,18.6,71.1,1023.5
10/23/13,20.7,57.3,1024.1
10/24/13,20.6,53.7,1024.1
10/25/13,19.2,52.8,1023.1
10/26/13,18.6,44.7,1023.4
10/27/13,18.4,52.5,1022
10/28/13,18.2,70.6,1020.9
10/29/13,18.8,71.5,1018.9
10/30/13,19.3,69,1019.5
10/31/13,19.8,58,1022.6
11/1/13,18.6,60.8,1023.6
11/2/13,17.6,68.1,1022.7
11/3/13,18.4,77.8,1020.8
11/4/13,19.4,77.6,1019.1
11/5/13,20.6,74.1,1013.8
11/6/13,17.8,81.9,1007
11/7/13,17.9,63.4,1021.2
11/8/13,17.4,62.2,1022.7
11/9/13,17.4,71.6,1021.1
11/10/13,17.7,79.1,1017.1
11/11/13,19,84.2,1017
11/12/13,19.6,80,1019.7
11/13/13,18.2,73,1019.3
11/14/13,16,79.3,1016.8
11/15/13,15.8,74.6,1021.7
11/16/13,15,72,1023.8
11/17/13,14.4,61.8,1024
11/18/13,13.7,68,1022.9
11/19/13,15.5,68.6,1022
11/20/13,18.6,80.3,1017.5
11/21/13,17.6,77.5,1013.3
11/22/13,16.1,76.2,1011.1
11/23/13,16.8,75.8,1010.8
11/24/13,16.2,80.7,1010.1
11/25/13,15.1,74.2,1008.7
11/26/13,14.5,79.7,1010.4
11/27/13,13.7,61.6,1025.4
11/28/13,11.3,65.6,1028.3
11/29/13,11.4,69.9,1024.9
11/30/13,13.1,73,1021.9
12/1/13,16.7,78,1019.4
12/2/13,15.9,84,1020.9
12/3/13,10,71.7,1024.7
12/4/13,8,69.7,1023.2
12/5/13,9.2,63.9,1021
12/6/13,10.8,67,1020.3
12/7/13,11.1,65,1026.5
12/8/13,8.9,48.1,1032.2
12/9/13,10.2,58.2,1032.2
12/10/13,10.9,62.8,1031.4
12/11/13,6.4,48.6,1035.8
12/12/13,7.8,56.5,1032.9
12/13/13,8.9,74.9,1025.8
12/14/13,9.9,72.6,1030.7
12/15/13,12.4,76.5,1030.5
12/16/13,11.7,72.4,1031.5
12/17/13,9.5,68.7,1032.8
12/18/13,8.9,70.5,1029
12/19/13,9.6,66.8,1028.2
12/20/13,9.5,67.2,1033.8
12/21/13,9.7,73.2,1035.8
12/22/13,10.3,65.6,1035
12/23/13,10.2,72.1,1030.8
12/24/13,11.5,75.8,1028.8
12/25/13,13.7,77.9,1023.9
12/26/13,14.6,81.5,1019.9
12/27/13,14,85.5,1013
12/28/13,13.4,78,1015.7
12/29/13,13.2,67.6,1020.8
12/30/13,12.3,70.5,1022.4
12/31/13,10.4,71.7,1024.6
1/1/14,9.8,78.8,1023.5
1/2/14,11.4,76.4,1022.3
1/3/14,11.2,75.2,1024.4
1/4/14,10.9,74.8,1026.9
1/5/14,11.9,81.3,1025.3
1/6/14,14.5,80.7,1021.7
1/7/14,13.8,77.3,1025.3
1/8/14,13.2,70.7,1024.6
1/9/14,13.4,68.6,1022.8
1/10/14,13.1,78.6,1022.1
1/11/14,13.3,79.2,1024.4
1/12/14,13.4,81.9,1024.3
1/13/14,13.1,75.9,1022.8
1/14/14,13.8,77.6,1019.6
1/15/14,14.7,83.1,1018.7
1/16/14,13.9,84,1019.8
1/17/14,13.3,82.7,1023
1/18/14,13.7,78.6,1023.1
1/19/14,15.4,80.7,1022
1/20/14,16.5,81,1018.2
1/21/14,16.2,66.2,1013.3
1/22/14,13.7,66.8,1018
1/23/14,14.2,64.8,1020.8
1/24/14,13.6,75.3,1019.6
1/25/14,14.2,72.4,1003.9
1/26/14,11,77,999.4
1/27/14,9.2,70.1,1004.9
1/28/14,10.5,86.1,1004
1/29/14,12.4,68.7,1019.4
1/30/14,11.7,69.3,1025.6
1/31/14,11,70.1,1028.5
2/1/14,9,70.7,1028.4
2/2/14,10.3,70.1,1019.8
2/3/14,10.4,65.2,1021.5
2/4/14,9.8,69.6,1025.1
2/5/14,10.6,69.8,1024.4
2/6/14,10.7,77.3,1021.2
2/7/14,13,78.8,1022.4
2/8/14,13.9,81,1021.4
2/9/14,15,79.3,1017.3
2/10/14,14.8,70.1,1019
2/11/14,14.4,81.3,1019.4
2/12/14,15.5,78.7,1017.1
2/13/14,13.2,72.5,1014.3
2/14/14,13.5,65.6,1012.5
2/15/14,13.1,64.4,1021.7
2/16/14,12.8,71.8,1023.7
2/17/14,13.9,77.2,1024.5
2/18/14,14.6,76.5,1026.5
2/19/14,13.3,86.9,1026.9
2/20/14,15,78.5,1022.2
2/21/14,15.2,79.2,1017
2/22/14,15.5,74.7,1016.3
2/23/14,15.1,72.8,1016.4
2/24/14,12.2,67.9,1018.4
2/25/14,11.2,67.1,1023.5
2/26/14,11.8,69.3,1024.8
2/27/14,12.5,74.6,1025.4
2/28/14,13.1,81,1022
3/1/14,12.9,90.1,1014.5
3/2/14,14.3,69.5,1004.5
3/3/14,13,83.6,1002.5
3/4/14,13.8,74,1005.7
3/5/14,12.9,72.8,1010.8
3/6/14,12.9,78.1,1016.1
3/7/14,13.2,76.3,1017.6
3/8/14,12.3,71.4,1020
3/9/14,9.8,70.5,1020.2
3/10/14,10.1,67.7,1018.5
3/11/14,9.8,65.9,1023.8
3/12/14,12.3,51.2,1025.7
3/13/14,12.6,52.4,1028.9
3/14/14,13.2,52.9,1028.2
3/15/14,13.3,64.8,1023.4
3/16/14,14.9,72.4,1013.5
3/17/14,16.6,58.5,1019.6
3/18/14,16.8,57.2,1021
3/19/14,17.4,58.1,1020.7
3/20/14,16.5,50.1,1025.7
3/21/14,16.3,47.2,1025.3
3/22/14,15.7,55,1021.6
3/23/14,15.7,67.5,1016.7
3/24/14,15.8,77.3,1015
3/25/14,15.3,51.1,1012.8
3/26/14,15.7,68.1,1016.9
3/27/14,17.7,69.9,1016.7
3/28/14,17,58.7,1013.1
3/29/14,15.3,62.4,1021
3/30/14,13.4,56.8,1023.1
3/31/14,13.8,59.6,1017.5
4/1/14,15,73,1013.5
4/2/14,16.9,70.9,1014.8
4/3/14,17.2,67.8,1017.7
4/4/14,16.8,74.8,1016.8
4/5/14,18.9,60.9,1014.4
4/6/14,17.1,78.9,1012.4
4/7/14,15.5,75.6,1018.1
4/8/14,16.4,70,1020
4/9/14,17.4,70.1,1017.5
4/10/14,16.7,67.2,1014.5
4/11/14,14.4,60.1,1018.5
4/12/14,14.7,56.2,1020
4/13/14,16,70.2,1018.1
4/14/14,16.3,68.6,1017.5
4/15/14,16.6,68,1014.8
4/16/14,16.3,75.5,1011
4/17/14,13.5,69.9,1009.8
4/18/14,13.7,64.6,1009.3
4/19/14,15.3,60.9,1015.3
4/20/14,17,66.1,1016.2
4/21/14,17.9,72.8,1017.5
4/22/14,19.8,66.8,1017.6
4/23/14,21.4,61.3,1016.4
4/24/14,20.7,66.1,1010
4/25/14,20.8,62.6,1010.6
4/26/14,19,75.4,1012.4
4/27/14,16.9,76.1,1010.2
4/28/14,17.1,68.8,1009.9
4/29/14,18.5,60.3,1011
4/30/14,18.3,55.8,1010.1
5/1/14,18.5,61.4,1011.1
5/2/14,18.9,67.7,1011.9
5/3/14,19,74.6,1011.5
5/4/14,19.9,65.3,1007.8
5/5/14,18.8,63.5,1015.3
5/6/14,18,61.5,1021.8
5/7/14,18.6,50.7,1021.2
5/8/14,19.7,44.4,1017
5/9/14,20,47.5,1014.2
5/10/14,19.5,60.7,1015.8
5/11/14,21,63.4,1016.3
5/12/14,21.8,56.7,1015
5/13/14,22.4,60.6,1016.5
5/14/14,21.6,59.8,1012.6
5/15/14,19.4,49.4,1011.7
5/16/14,18.2,52.4,1014.9
5/17/14,18.6,55.4,1019
5/18/14,19.2,56.3,1020.3
5/19/14,18.1,67.2,1020.5
5/20/14,20.9,59.2,1018
5/21/14,22.9,40.9,1017.9
5/22/14,24.6,46.2,1016.3
5/23/14,24.4,47.4,1015.3
5/24/14,24.3,47.8,1016.2
5/25/14,24.5,54.9,1017
5/26/14,25.1,53.1,1015.5
5/27/14,25.4,53.6,1013
5/28/14,25.8,44.2,1011.6
5/29/14,23.3,59.5,1009.4
5/30/14,22.4,53.6,1009.6
5/31/14,23,53.7,1011.4
6/1/14,23.1,50.2,1012.6
6/2/14,22.3,50.2,1014.7
6/3/14,19,67.8,1015.1
6/4/14,20.1,69.8,1010.6
6/5/14,22.8,61.5,1013.7
6/6/14,24.1,55.2,1014.5
6/7/14,24.5,58.2,1013.9
6/8/14,25.1,55.7,1014.9
6/9/14,25.2,56.9,1013.9
6/10/14,26.4,52.4,1015
6/11/14,27.4,52.3,1015.1
6/12/14,27.2,45.4,1016.6
6/13/14,27.2,48.1,1015.1
6/14/14,26.8,54.3,1010.3
6/15/14,24.6,67.3,1014
6/16/14,25.2,61.3,1015.7
6/17/14,26.4,62.5,1015.9
6/18/14,26.7,64.2,1014.3
6/19/14,27.7,48.5,1011
6/20/14,25,55.3,1011.4
6/21/14,25,59.4,1016
6/22/14,25.8,56.4,1020.9
6/23/14,26.9,46.8,1021.7
6/24/14,27.5,45.5,1019
6/25/14,29.2,46.6,1014.4
6/26/14,31.4,40.2,1013.7
6/27/14,31.7,38.1,1013.1
6/28/14,27.9,49.9,1017.8
6/29/14,27.4,40.5,1017.1
6/30/14,26.9,49,1014.2
7/1/14,29.6,41.8,1017.5
7/2/14,28.9,43.3,1019.4
7/3/14,29.4,46.2,1018.8
7/4/14,26.4,43.7,1016.4
7/5/14,26.5,41.9,1015.7
7/6/14,28.1,42.1,1014.3
7/7/14,29.3,40.9,1015.6
7/8/14,29.5,44.6,1014.8
7/9/14,30.3,44.2,1009.6
7/10/14,29.1,43.8,1007.9
7/11/14,28.4,46,1007.4
7/12/14,27.4,44.8,1012.8
7/13/14,27.6,49.5,1013.7
7/14/14,28.2,48.2,1012
7/15/14,26.4,55.9,1010.3
7/16/14,25.4,59,1013.9
7/17/14,25.9,61.5,1013.9
7/18/14,27.5,54.5,1012.4
7/19/14,26.4,64.2,1013
7/20/14,28,51.7,1013.4
7/21/14,29.4,50.2,1013.2
7/22/14,28.9,55.9,1010
7/23/14,28,54.9,1007.9
7/24/14,27.8,61.6,1010.6
7/25/14,28.7,54.7,1011.4
7/26/14,29.6,51.9,1012.5
7/27/14,29.2,53.5,1013.7
7/28/14,29.4,56.9,1012.4
7/29/14,29.5,57.6,1010.8
7/30/14,29.7,60.6,1011.1
7/31/14,29.6,58.4,1009
8/1/14,29.4,48.9,1006.2
8/2/14,27.8,55.2,1010.9
8/3/14,29.4,54.4,1011.6
8/4/14,30.1,55.4,1009.9
8/5/14,30.7,43.7,1008.4
8/6/14,27.7,49.6,1007.7
8/7/14,25.5,60.8,1010.7
8/8/14,27.1,60.6,1013.9
8/9/14,28.9,54.2,1014.9
8/10/14,30,42.5,1015.1
8/11/14,30.9,42,1013.3
8/12/14,31.3,41.8,1012.9
8/13/14,32,35.6,1012.3
8/14/14,30.9,47.3,1011.3
8/15/14,30.7,49,1010.6
8/16/14,30.9,37.8,1009.7
8/17/14,30.6,44.1,1010
8/18/14,26.1,52.2,1014.7
8/19/14,27.2,45,1016.9
8/20/14,27.5,50.7,1017.1
8/21/14,28.6,56.6,1016.1
8/22/14,29.7,57,1014.8
8/23/14,29.7,56.4,1014
8/24/14,30.7,48.4,1012.1
8/25/14,30.1,49.5,1014.1
8/26/14,29.3,53.1,1014.6
8/27/14,28.8,54.9,1012.2
8/28/14,30.1,53.3,1012.3
8/29/14,27.9,52.7,1016.3
8/30/14,26.6,46.6,1016.2
8/31/14,27.1,48.9,1014.7
9/1/14,26.8,57.8,1011.1
9/2/14,26.5,67.5,1007.4
9/3/14,27.2,57.7,1008.3
9/4/14,26.8,58.1,1010.5
9/5/14,26.9,60.3,1009.8
9/6/14,25.9,68,1009.2
9/7/14,25.4,65.9,1013
9/8/14,25.3,64.5,1015.9
9/9/14,24.4,68.6,1015.3
9/10/14,24.8,57.4,1014.6
9/11/14,25.3,54.3,1014.9
9/12/14,26.4,63,1016.3
9/13/14,26.7,62.6,1016.5
9/14/14,26.3,60.4,1014.3
9/15/14,25.8,65,1013.7
9/16/14,24.1,69.5,1013
9/17/14,23.7,64,1015.7
9/18/14,23.2,59.5,1021.1
9/19/14,23.2,58.6,1023.4
9/20/14,23.9,57.6,1022.7
9/21/14,26.1,67,1016.9
9/22/14,27.5,63.7,1013.1
9/23/14,28.3,52,1015.6
9/24/14,22.7,54.5,1019.2
9/25/14,23.8,65.8,1018.1
9/26/14,22.7,66.8,1014.7
9/27/14,18.1,60.2,1020.3
9/28/14,19,59.6,1026.6
9/29/14,20.1,51.6,1028.4
9/30/14,21,52.9,1026.4
10/1/14,21.8,47,1023
10/2/14,21.8,55.8,1022.2
10/3/14,20.6,60.2,1021.3
10/4/14,19,58.4,1020.5
10/5/14,19.2,60.4,1021.5
10/6/14,21,69.3,1022.5
10/7/14,20.8,76.1,1022.8
10/8/14,20.8,70.5,1022
10/9/14,21.6,59.8,1020.5
10/10/14,21.2,54.6,1020.5
10/11/14,21.6,51.7,1019.1
10/12/14,20.3,58.3,1019.3
10/13/14,20.4,66.4,1018.7
10/14/14,20.8,69.5,1017.5
10/15/14,21.6,79.8,1017.7
10/16/14,24.3,67.8,1018.3
10/17/14,25.5,58,1018.4
10/18/14,25,53.2,1023.3
10/19/14,19.1,53.7,1027.5
10/20/14,18.7,57.8,1025.5
10/21/14,18.8,64.3,1018
10/22/14,20.5,70.7,1011.7
10/23/14,19.3,67.2,1011.1
10/24/14,16.1,75.7,1010.4
10/25/14,14.8,72.2,1015.8
10/26/14,15.1,70.4,1022
10/27/14,14.1,73.6,1024.2
10/28/14,14.6,73.1,1023
10/29/14,15.3,78.4,1019.6
10/30/14,16,71.5,1019.8
10/31/14,14.4,72.2,1021.5
11/1/14,14.1,60.8,1023.6
11/2/14,14.4,63.5,1023.7
11/3/14,14.6,62.9,1024.7
11/4/14,15.3,66.2,1023.9
11/5/14,16.9,76,1025
11/6/14,18.5,78.1,1026.2
11/7/14,18.8,76.5,1024.4
11/8/14,16.8,84.7,1015.8
11/9/14,17,81.9,1020.2
11/10/14,17.3,79.2,1023.5
11/11/14,17,78.2,1024
11/12/14,16.7,78.5,1020
11/13/14,18.4,82.1,1013.4
11/14/14,16.1,83,1013.3
11/15/14,16,78.9,1017.9
11/16/14,15.4,78.1,1018.6
11/17/14,18.4,79.8,1018.4
11/18/14,18.4,80.3,1020.6
11/19/14,19.6,81.9,1019.5
11/20/14,17.4,54.5,1019.5
11/21/14,14.6,54.1,1022.2
11/22/14,13.5,58,1025.9
11/23/14,12.2,69.9,1027
11/24/14,11.8,69.1,1026
11/25/14,10.6,68.4,1025.3
11/26/14,10.1,72.3,1023.2
11/27/14,11.3,75.6,1023
11/28/14,13.4,82.5,1025.9
11/29/14,16.9,83.2,1025.9
11/30/14,17.3,83.4,1021.3
12/1/14,16.3,83.4,1019.5
12/2/14,18.2,80.3,1016
12/3/14,19.2,77,1016.9
12/4/14,17.1,79.9,1020.9
12/5/14,16.2,82.9,1021.8
12/6/14,17.3,78.2,1018.2
12/7/14,15.8,78.3,1016.9
12/8/14,14.4,83.2,1011.3
12/9/14,13.5,77.9,1010.6
12/10/14,12.7,81.6,1019.6
12/11/14,13.4,87.4,1019.6
12/12/14,13,84.4,1022.4
12/13/14,12.9,72.5,1026.2
12/14/14,11.6,74.5,1027.2
12/15/14,12,78.2,1027.5
12/16/14,14.2,82.9,1025.4
12/17/14,14.8,86.4,1019.5
12/18/14,12.3,84.1,1021.1
12/19/14,12,79,1024.3
12/20/14,12.4,80.8,1023.5
12/21/14,13.3,65.8,1027.2
12/22/14,10.4,54.5,1031.6
12/23/14,11,66.9,1027.3
12/24/14,11.7,79.5,1027
12/25/14,13.3,79.8,1024.6
12/26/14,13.4,78.2,1018.2
12/27/14,11.2,66.6,1015.1
12/28/14,11.7,71,1015.6
12/29/14,14.1,64.3,1013.8
12/30/14,5.5,75,1015.2
12/31/14,5.3,79.3,1015.1
1/1/15,4.7,74.1,1027.9
1/2/15,4.8,63.1,1029.9
1/3/15,6.4,66.8,1027.3
1/4/15,11,75.6,1022.9
1/5/15,6.3,65,1014.8
1/6/15,3.7,60.9,1021.9
1/7/15,3.8,60,1036.2
1/8/15,4.4,68.5,1038.5
1/9/15,6.6,66.7,1037.4
1/10/15,11.2,73.6,1025
1/11/15,12.8,79.6,1021
1/12/15,10.2,77.4,1025.5
1/13/15,9,55.2,1025.7
1/14/15,9.4,63,1024
1/15/15,10.6,59,1021.6
1/16/15,10.5,63,1027.1
1/17/15,9.9,73.4,1027.9
1/18/15,12,83.7,1028.1
1/19/15,15.2,80.1,1022.6
1/20/15,15,78.8,1019.8
1/21/15,15.1,79.7,1019.7
1/22/15,15.2,76.3,1020.8
1/23/15,15.6,70.9,1012.1
1/24/15,12.2,82.4,1008.3
1/25/15,13.4,78.2,1014.1
1/26/15,11.6,81.7,1018.3
1/27/15,10.4,81.1,1016.8
1/28/15,10.6,76.2,1012
1/29/15,11.4,82.9,1008.3
1/30/15,13.1,77.2,1006.6
1/31/15,16,76.2,999.5
2/1/15,18.3,60.5,1002.2
2/2/15,12.6,64,1007.1
2/3/15,11.2,64,1015.4
2/4/15,12.7,75.2,1016.6
2/5/15,16.1,70.5,1015.7
2/6/15,14.6,70.7,1014.2
2/7/15,13.1,67,1016.7
2/8/15,12.1,66.7,1014.1
2/9/15,8.3,68.7,1004
2/10/15,3.6,79.8,1014.6
2/11/15,3.8,64.3,1022.3
2/12/15,5.7,58.7,1025.3
2/13/15,7.6,62.9,1024.5
2/14/15,8.4,70.9,1022.1
2/15/15,9.6,64.3,1021.2
2/16/15,8.7,69.6,1024.4
2/17/15,6.7,64.9,1030.9
2/18/15,3,59.1,1033.6
2/19/15,5.4,50.6,1033.1
2/20/15,8.8,45,1025.7
2/21/15,10.6,61.6,1021.5
2/22/15,12.1,80.9,1017.5
2/23/15,13.6,86.8,1012.1
2/24/15,13,79.4,1008.1
2/25/15,13.2,69.6,1016.7
2/26/15,12.4,79.5,1019.7
2/27/15,13.3,80.2,1014.3
2/28/15,13.1,74.5,1017.7
3/1/15,13.6,72.7,1019
3/2/15,13.4,70.3,1020.6
3/3/15,16.7,60.4,1023.7
3/4/15,13.6,57.9,1027.5
3/5/15,13.8,72.7,1023.7
3/6/15,16.6,78.6,1016.3
3/7/15,11.5,76.2,1018.1
3/8/15,10.9,67.4,1023.5
3/9/15,10.4,73.3,1024
3/10/15,10.9,71.1,1025
3/11/15,12,72.1,1022.2
3/12/15,11.5,66.6,1015.4
3/13/15,9.5,78.5,1015
3/14/15,12.1,64.5,1025.3
3/15/15,12,65.4,1031.3
3/16/15,12.1,63.6,1032.8
3/17/15,11.5,53,1029.9
3/18/15,9.3,57.8,1025.5
3/19/15,10.1,61.3,1024.3
3/20/15,9.3,58.3,1023.4
3/21/15,10.6,50.2,1025.7
3/22/15,11,71.1,1023.4
3/23/15,13,80.6,1019.4
3/24/15,14,74.6,1022
3/25/15,12.6,81.9,1020.5
3/26/15,15,85.9,1017.3
3/27/15,16.1,83.6,1008.2
3/28/15,14.9,79.4,1006.8
3/29/15,13.8,77.8,1012.6
3/30/15,14.9,68.6,1013.1
3/31/15,16.2,64.2,1014
4/1/15,17.1,65.7,1012
4/2/15,16,52.1,1016.8
4/3/15,14.7,57.8,1016.3
4/4/15,12.8,45.8,1019
4/5/15,14.8,76,1014.6
4/6/15,17,69.6,1011.4
4/7/15,14.1,56.1,1016.2
4/8/15,10.3,61.8,1017.6
4/9/15,9.9,63.2,1023.6
4/10/15,12.6,36.2,1028.6
4/11/15,14,48.6,1028.3
4/12/15,15.7,56.8,1026.1
4/13/15,17.1,50.2,1026
4/14/15,18,52.6,1022.3
4/15/15,17.9,50.7,1022.8
4/16/15,16.7,60.2,1024.6
4/17/15,19,57.3,1022.3
4/18/15,20.2,46.1,1018.9
4/19/15,18.3,64.8,1016.7
4/20/15,15,62.7,1016.8
4/21/15,15.6,55.5,1019.9
4/22/15,16,51.8,1022.7
4/23/15,14.4,56.7,1025.8
4/24/15,16.1,68,1023.7
4/25/15,17.6,68.1,1020.1
4/26/15,17.5,72,1018.1
4/27/15,18.4,65.4,1017.1
4/28/15,19.9,56.1,1013.4
4/29/15,20.8,55.7,1016.4
4/30/15,19.7,63,1017.3
5/1/15,19.8,62.6,1017.4
5/2/15,20.1,59.2,1016.1
5/3/15,20.9,59.6,1016.1
5/4/15,21.6,58.4,1017.2
5/5/15,23.1,50.6,1016.6
5/6/15,24.6,50.7,1015
5/7/15,26,52.8,1013.1
5/8/15,24.3,54.9,1014.9
5/9/15,23.8,39.7,1014.1
5/10/15,21.6,41.4,1014.9
5/11/15,19.7,54.7,1015.8
5/12/15,20.1,44.5,1019.7
5/13/15,21.5,42.2,1019.9
5/14/15,21.7,48.6,1017
5/15/15,22.7,58.2,1019.4
5/16/15,21.1,71.8,1021.4
5/17/15,21.7,67.6,1019.3
5/18/15,22.3,58.5,1015.9
5/19/15,21.7,61.6,1010.6
5/20/15,22.7,59,1013.4
5/21/15,23.5,60.8,1016.1
5/22/15,23.8,57.6,1015.4
5/23/15,23.2,61.2,1011.7
5/24/15,23,49.8,1010.2
5/25/15,22.6,50.5,1011.2
5/26/15,21.5,59.8,1010.2
5/27/15,21.9,65.5,1008.7
5/28/15,19.8,66.3,1011.4
5/29/15,18.2,65.9,1015.7
5/30/15,20.2,63.4,1017.6
5/31/15,21.6,55.5,1018.4
6/1/15,23,44.9,1018.4
6/2/15,23.9,45.5,1017.2
6/3/15,25.1,43.6,1017.9
6/4/15,26.1,43.2,1017.6
6/5/15,23.7,59,1018.4
6/6/15,23.8,57.8,1019
6/7/15,22.1,68.8,1018.6
6/8/15,22.7,59.3,1017.5
6/9/15,22.3,63.9,1015.5
6/10/15,23.5,59.6,1014.9
6/11/15,24.1,57.3,1016.2
6/12/15,26.4,51.1,1017.5
6/13/15,27.9,40.2,1017.7
6/14/15,27.7,42.6,1015.9
6/15/15,28.7,44.7,1013.3
6/16/15,29.7,43.3,1011.8
6/17/15,29.1,45.9,1010.4
6/18/15,24.7,61.8,1006.6
6/19/15,23.2,62.4,1011.5
6/20/15,24.4,61.2,1011.8
6/21/15,25.4,61.8,1012
6/22/15,21.9,68.1,1016
6/23/15,23.3,57.3,1016
6/24/15,24.9,57.5,1016.1
6/25/15,26.3,57.8,1015.2
6/26/15,25.2,48,1012.9
6/27/15,23.7,49.6,1012.5
6/28/15,24.3,55.6,1014.1
6/29/15,24.4,59.6,1016.7
6/30/15,24.3,61.5,1018.9
7/1/15,24.2,58,1019.5
7/2/15,26.3,45.8,1020.2
7/3/15,27.2,45.8,1021.3
7/4/15,26.1,47.5,1020.7
7/5/15,27.3,45.3,1018.5
7/6/15,27.3,39.4,1017.5
7/7/15,29.8,43,1015.8
7/8/15,30.1,41.8,1011.1
7/9/15,28.6,50.8,1010.9
7/10/15,28.9,54.5,1014.4
7/11/15,28.3,55,1015.2
7/12/15,28.4,42,1014.7
7/13/15,29.1,39.1,1014.6
7/14/15,30.3,43.9,1014.2
7/15/15,29,44.8,1016.7
7/16/15,29.9,42.6,1016.8
7/17/15,29.7,37.7,1016.9
7/18/15,29.9,33.2,1014.8
7/19/15,30.9,32.1,1012.7
7/20/15,31.6,27.1,1009.6
7/21/15,32.3,31.4,1010.9
7/22/15,30.8,40.1,1012.1
7/23/15,30.1,40.1,1010.6
7/24/15,28.6,53.6,1010.6
7/25/15,28.7,56.5,1010.7
7/26/15,29.4,60.9,1009.2
7/27/15,30.5,53.7,1007.9
7/28/15,31.3,54.9,1008.1
7/29/15,31.6,53.2,1008.1
7/30/15,32,49.8,1007.5
7/31/15,32.1,52.1,1009.8
8/1/15,32.2,44.3,1014.8
8/2/15,30.4,50.9,1016.3
8/3/15,30.4,51,1014.7
8/4/15,30.9,45.3,1012.8
8/5/15,31.8,41.7,1010.5
8/6/15,31.3,47.1,1010.5
8/7/15,29.9,54.6,1013.2
8/8/15,29.1,51.7,1015.1
8/9/15,29.6,45.5,1014.5
8/10/15,28.6,52.3,1012.9
8/11/15,29.1,50.3,1013.5
8/12/15,29.6,53.6,1013.6
8/13/15,29.2,55.7,1011.4
8/14/15,29,59.4,1010.6
8/15/15,29.3,59.7,1010.1
8/16/15,29.7,56.3,1010.1
8/17/15,31,44.9,1010.1
8/18/15,29.2,54.5,1011.3
8/19/15,29.9,52.8,1013.2
8/20/15,29.8,49.9,1013.6
8/21/15,28.8,57.6,1014.2
8/22/15,28,57.8,1013
8/23/15,26.5,59,1014.2
8/24/15,26.8,51,1016.4
8/25/15,27.7,42.2,1016.6
8/26/15,27.9,38.3,1016.5
8/27/15,27.9,38.1,1017.8
8/28/15,28.3,34.5,1018.8
8/29/15,28.9,33,1019.3
8/30/15,30.2,36.5,1019.3
8/31/15,29.7,36.6,1017.5
9/1/15,29,49.2,1014.1
9/2/15,27.2,61.1,1012.4
9/3/15,28,63.1,1012.2
9/4/15,29.2,56.1,1013.9
9/5/15,30.1,50,1015
9/6/15,31.6,47.3,1013.9
9/7/15,30.6,52.9,1014
9/8/15,27.8,56.7,1016
9/9/15,25.8,58.5,1016.1
9/10/15,26.8,58,1014.9
9/11/15,27.6,62.9,1016.3
9/12/15,26.6,56.9,1018.4
9/13/15,25.4,55.1,1019.2
9/14/15,25.9,48.9,1018.3
9/15/15,25.5,52.8,1018.4
9/16/15,26.4,51.3,1016.5
9/17/15,27.4,43.1,1015.7
9/18/15,28.5,39.5,1014.8
9/19/15,28.2,40.8,1014.4
9/20/15,25.8,54.4,1013.3
9/21/15,21.1,77.9,1010.5
9/22/15,21.7,78.2,1008.2
9/23/15,23.7,72.3,1012.8
9/24/15,24.9,72.4,1014.3
9/25/15,24.8,75.6,1014.7
9/26/15,23.8,78.8,1013.3
9/27/15,23.6,71.6,1016
9/28/15,23.7,72.3,1016.7
9/29/15,22.6,68.7,1019
9/30/15,20,66.2,1023.3
10/1/15,19.7,58.5,1025.2
10/2/15,19.9,60.1,1026
10/3/15,20.3,64.7,1026.6
10/4/15,21.2,67.1,1024.8
10/5/15,22.3,72.7,1019.1
10/6/15,22.9,71.4,1012.4
10/7/15,22.6,76.4,1010.7
10/8/15,22,71,1016.9
10/9/15,22.1,72.2,1019.5
10/10/15,20.7,76.9,1019.1
10/11/15,23.3,79.5,1012.6
10/12/15,23.3,63,1015.3
10/13/15,21.7,65.9,1019.8
10/14/15,20.4,65.3,1020.8
10/15/15,20.4,66.1,1021
10/16/15,19.1,71,1020.9
10/17/15,20.2,70.5,1021.5
10/18/15,21.1,72.6,1020.9
10/19/15,21.5,74.8,1018.3
10/20/15,21.9,79.5,1014.2
10/21/15,21.7,80.6,1012.9
10/22/15,21.3,85.2,1009.6
10/23/15,17.5,83.9,1010.4
10/24/15,15.5,77.4,1021.1
10/25/15,16.2,59.9,1022.4
10/26/15,16.6,62.1,1021.9
10/27/15,16.8,62.5,1022.5
10/28/15,15.5,60.9,1022.5
10/29/15,15.7,62.6,1021.1
10/30/15,16.2,67.4,1023.7
10/31/15,15.4,68.5,1030.2
11/1/15,14.8,66.3,1031.4
11/2/15,15.4,58.2,1030.7
11/3/15,15.9,45,1027.8
11/4/15,15.6,52.2,1023.2
11/5/15,15.3,58.8,1020.5
11/6/15,15.5,64.6,1022.7
11/7/15,16,65.1,1026
11/8/15,15.8,60,1027.8
11/9/15,16.9,60.8,1026.3
11/10/15,19.7,55.1,1021.2
11/11/15,19.4,62.7,1023.2
11/12/15,18.6,72.4,1026.5
11/13/15,18.5,72.6,1027.9
11/14/15,17.9,77.5,1026.7
11/15/15,17.3,69.8,1020
11/16/15,16.5,64.9,1017.8
11/17/15,17.4,62.2,1021.6
11/18/15,16.9,76.7,1020.8
11/19/15,16.8,78.1,1023.2
11/20/15,16.5,81.8,1022
11/21/15,18.5,78.3,1013.9
11/22/15,20.2,77.4,1014.7
11/23/15,20.1,77.4,1022.5
11/24/15,19.1,80.3,1023.1
11/25/15,17.7,82.3,1017.7
11/26/15,17.3,69.9,1006.3
11/27/15,16.9,76.5,1008.9
11/28/15,15.2,71.2,1016.6
11/29/15,15,68.3,1021.6
11/30/15,12.5,57.7,1025.7
12/1/15,13.1,68.3,1025.4
12/2/15,15,62.5,1027.8
12/3/15,14.7,66.8,1033.5
12/4/15,13.5,68,1035.7
12/5/15,12.5,70.6,1036.3
12/6/15,12.1,75.5,1036.7
12/7/15,11.6,77.7,1034.2
12/8/15,12.1,71.1,1033
12/9/15,12.3,69.4,1030.4
12/10/15,12.2,70.8,1028.8
12/11/15,10.3,76.6,1027.8
12/12/15,8.6,72.8,1025.7
12/13/15,10.1,65.5,1026.4
12/14/15,10.5,73.1,1025.8
12/15/15,11.1,74.5,1026.6
12/16/15,10.9,71.6,1026.5
12/17/15,10.5,67.3,1026.7
12/18/15,10.4,65.1,1026.9
12/19/15,9.2,67,1028.4
12/20/15,9.4,69.6,1033.8
12/21/15,9.8,73,1034.3
12/22/15,10.3,71.6,1032.2
12/23/15,12.4,63.6,1032.9
12/24/15,12.3,65.6,1032
12/25/15,12,75.6,1031.5
12/26/15,12.6,69.6,1034
12/27/15,12.3,67.9,1032.6
12/28/15,11.2,71.4,1031.7
12/29/15,12.3,72.9,1026
12/30/15,9.2,70.5,1028.5
12/31/15,3.4,64.7,1029.9
1/1/16,4.4,59.8,1030.7
1/2/16,7.9,70.8,1026
1/3/16,11.3,83.5,1023.2
1/4/16,13.6,76.8,1009.7
1/5/16,17,78.3,1009.8
1/6/16,16,82.6,1009.6
1/7/16,14.3,63.1,1006.1
1/8/16,12.9,59.1,1018
1/9/16,13.2,79.8,1020.3
1/10/16,13,89.4,1017.6
1/11/16,14.5,83.2,1017.8
1/12/16,16.9,67,1014.6
1/13/16,15.1,62.2,1016.8
1/14/16,12.3,53.8,1022.2
1/15/16,12.9,68.5,1020.5
1/16/16,15.8,79.6,1011.7
1/17/16,12.3,69.3,999.6
1/18/16,5.9,68.5,1015
1/19/16,6.4,61.3,1021.7
1/20/16,7.5,78.3,1020
1/21/16,9.2,73.1,1024.4
1/22/16,8.2,65.6,1030.2
1/23/16,4.7,73.4,1033.1
1/24/16,5.3,59.4,1033.7
1/25/16,5.7,66.8,1032.7
1/26/16,7.7,69.5,1031.8
1/27/16,9.4,73.1,1033.4
1/28/16,11.6,78.2,1030.8
1/29/16,13.2,74.9,1030.4
1/30/16,14.3,67,1030.9
1/31/16,13.3,71.8,1027.4
2/1/16,15.6,64.7,1026.6
2/2/16,14.6,70.4,1029.6
2/3/16,14.8,72.5,1026.7
2/4/16,14.6,82.2,1019.5
2/5/16,9.1,79.1,1022.8
2/6/16,7.4,68.1,1030.9
2/7/16,8.2,66.6,1031.1
2/8/16,8.8,73.4,1027.2
2/9/16,10.6,78.6,1026.1
2/10/16,12.9,81.4,1020.2
2/11/16,16.1,62.2,1014.1
2/12/16,15.5,78.2,1015.2
2/13/16,16.5,76.3,1011
2/14/16,16.9,77.4,1012.9
2/15/16,19.1,59.8,1025.1
2/16/16,17.7,64.9,1029.5
2/17/16,17.4,60.7,1029
2/18/16,18,62.1,1022.3
2/19/16,17.6,66.4,1019.7
2/20/16,14.7,67.7,1020.9
2/21/16,14.1,56.7,1021.6
2/22/16,14.7,66.5,1022.2
2/23/16,15.3,76.2,1019.5
2/24/16,15.7,82.6,1014.1
2/25/16,15,76.4,1016.9
2/26/16,15.4,77.4,1015.1
2/27/16,15,68.9,1020.5
2/28/16,15.3,67.8,1022.9
2/29/16,17.2,71.6,1022.7
3/1/16,17.5,63.2,1015.4
3/2/16,15.1,60.5,1011.1
3/3/16,15,65.4,1005.3
3/4/16,12.8,66.4,1008.6
3/5/16,13.8,60.7,1016
3/6/16,14.3,72.3,1015.4
3/7/16,16.2,72.5,1013
3/8/16,16.8,76.6,1010.8
3/9/16,15,76.3,1009
3/10/16,13.8,63.6,1013.8
3/11/16,14.6,64.7,1017.6
3/12/16,15.4,68.7,1017.4
3/13/16,15.7,74.7,1011.8
3/14/16,10.2,79.1,1018.7
3/15/16,10.1,66.9,1020
3/16/16,10.4,65.1,1028.1
3/17/16,10.5,62.4,1028.3
3/18/16,10.8,73.7,1024.2
3/19/16,14.5,63.1,1016
3/20/16,14.9,58.8,1020.3
3/21/16,15,68.9,1021.2
3/22/16,16.9,68.4,1017.3
3/23/16,17.9,64.7,1007.3
3/24/16,16.6,66,1009.7
3/25/16,13.2,65.2,1016.8
3/26/16,11.5,58.1,1019.7
3/27/16,10.5,71.7,1019.3
3/28/16,11.7,64.2,1021.2
3/29/16,14.1,67.6,1021.5
3/30/16,16.4,72,1024.8
3/31/16,16.9,71.4,1024.8
4/1/16,17.3,71.4,1021.4
4/2/16,16.6,78.6,1021.4
4/3/16,18.6,58.8,1021.7
4/4/16,19.7,55.2,1018.5
4/5/16,18.8,65.3,1014.2
4/6/16,19.1,64,1012.8
4/7/16,19.8,56.3,1013.1
4/8/16,19.9,64.1,1007.6
4/9/16,19.8,63,1006.2
4/10/16,18.2,60.2,1006.4
4/11/16,18.1,58.9,1012.6
4/12/16,19.3,61.2,1015.8
4/13/16,19.8,58.6,1016.1
4/14/16,20.6,60,1013.1
4/15/16,22,50.4,1017.8
4/16/16,20.8,48.6,1020.1
4/17/16,20.6,57.1,1020.8
4/18/16,21.4,55,1020.8
4/19/16,22.8,45,1017.4
4/20/16,23,50.6,1019
4/21/16,17.2,49.2,1026.4
4/22/16,18.3,47.4,1023.5
4/23/16,19.2,63.1,1014.5
4/24/16,20.6,54.4,1005.5
4/25/16,19.7,56.1,1004.5
4/26/16,17.5,48.5,1014.4
4/27/16,17.6,55.6,1017.3
4/28/16,19.4,57,1018.4
4/29/16,20.8,54.7,1017.4
4/30/16,20.4,55.1,1016.9
5/1/16,20.5,44.5,1017.2
5/2/16,19.2,58.8,1013.4
5/3/16,17,58.5,1007.7
5/4/16,18,59.1,1009.8
5/5/16,17.1,60.4,1015.2
5/6/16,18.1,60.3,1016.8
5/7/16,18.8,55.2,1016.7
5/8/16,18.9,60.6,1018.1
5/9/16,19.6,63,1019.6
5/10/16,21.1,60.6,1018.7
5/11/16,21.4,60.4,1016
5/12/16,23.3,64.9,1010.2
5/13/16,25.3,48.6,1009.4
5/14/16,22,55.1,1012
5/15/16,22.6,51.1,1014.8
5/16/16,22.5,47.1,1015.7
5/17/16,22,48.5,1015
5/18/16,20.3,60.5,1017.8
5/19/16,20.3,64,1017.9
5/20/16,20.4,64.2,1016.1
5/21/16,20.4,72.8,1010.3
5/22/16,18.6,63.8,1018.4
5/23/16,22,48.7,1018
5/24/16,22.5,48.4,1014.6
5/25/16,22.6,46.5,1010.1
5/26/16,23.9,46.6,1013.7
5/27/16,24.8,46.1,1017
5/28/16,23.7,56.1,1017.6
5/29/16,24.1,55.3,1016
5/30/16,25,57.7,1014
5/31/16,27,48.8,1014.3
6/1/16,27.5,43.3,1015.5
6/2/16,27.3,46.2,1013
6/3/16,26.6,44.1,1009.5
6/4/16,25.9,48.4,1011.8
6/5/16,26,51.6,1014.4
6/6/16,26.1,53,1014.5
6/7/16,23.7,62.9,1016.9
6/8/16,21.8,49.8,1018.2
6/9/16,22.3,55.3,1016.6
6/10/16,22.7,59.7,1014
6/11/16,24.5,57.1,1016.3
6/12/16,25.6,56.9,1015.4
6/13/16,24.4,65.4,1009.1
6/14/16,26,56.7,1005.9
6/15/16,26.6,50.7,1012.5
6/16/16,28.1,49.3,1017.8
6/17/16,30.4,40.8,1017.9
6/18/16,32.5,37.9,1015.5
6/19/16,33.1,41.8,1011.6
6/20/16,31.2,52.7,1015
6/21/16,33.4,39.4,1015.1
6/22/16,32.5,39.3,1015.1
6/23/16,31.8,45.3,1014.6
6/24/16,31.9,46.6,1012.2
6/25/16,30.2,50.6,1008.3
6/26/16,27.5,65.2,1012.4
6/27/16,29.4,55.8,1012.3
6/28/16,28.7,55.4,1010.9
6/29/16,27.2,57.4,1014
6/30/16,27.9,57.4,1016.3
7/1/16,29.4,55.2,1016
7/2/16,30.6,45.7,1014.2
7/3/16,29.6,54.3,1012.3
7/4/16,30.5,46.4,1013.4
7/5/16,29.6,50,1014.3
7/6/16,29.5,44.8,1012.7
7/7/16,29.1,46.8,1015.1
7/8/16,28.1,42.7,1017.5
7/9/16,28.6,39.9,1016.7
7/10/16,30,39.7,1015.2
7/11/16,28.9,41.1,1015.7
7/12/16,29,42.3,1013.5
7/13/16,28.6,54.6,1012.7
7/14/16,29.6,55.1,1010.2
7/15/16,30.7,52.7,1007.7
7/16/16,29.3,44.9,1010.1
7/17/16,28.5,42.5,1010.8
7/18/16,28.6,44.3,1012.2
7/19/16,27.5,47.2,1012
7/20/16,27.3,44.9,1014
7/21/16,28.2,43.8,1015.4
7/22/16,29.1,44.9,1015.7
7/23/16,30.6,38,1015
7/24/16,31.5,35.4,1013
7/25/16,30.7,38.2,1011.7
7/26/16,30.1,38.6,1011.9
7/27/16,29.7,43.1,1012.7
7/28/16,30.3,37.5,1012.5
7/29/16,30.8,37.1,1011.1
7/30/16,31.4,37.1,1011.9
7/31/16,31.5,33.9,1012.2
8/1/16,31.8,38.5,1011.7
8/2/16,31.1,45.9,1010.7
8/3/16,31.2,43.4,1011.2
8/4/16,30.3,46.6,1012.5
8/5/16,30.8,44.8,1011.2
8/6/16,31.1,45.6,1012
8/7/16,30.8,44,1012.3
8/8/16,30.4,52.2,1011.9
8/9/16,29.5,54.2,1010.6
8/10/16,29.7,56.6,1011
8/11/16,30.3,53.2,1011.6
8/12/16,29.9,52.7,1014.9
8/13/16,25,56.5,1020.7
8/14/16,24.9,42.5,1020.7
8/15/16,26.6,38.5,1017.9
8/16/16,28.9,36.3,1013.7
8/17/16,29.2,41.7,1011.9
8/18/16,29.2,46,1009.9
8/19/16,30.1,42.4,1011.1
8/20/16,29.8,45.4,1013.5
8/21/16,29.9,48.9,1013.7
8/22/16,30.1,49.5,1013.7
8/23/16,29.7,51.8,1013.7
8/24/16,28.1,55.2,1013.4
8/25/16,27.1,59.3,1014
8/26/16,26.9,44.1,1017.4
8/27/16,26.5,42.9,1018.5
8/28/16,26.7,47.3,1017.6
8/29/16,27.3,52.7,1015.1
8/30/16,27.6,57.8,1015.9
8/31/16,29.2,48.7,1017.7
9/1/16,27.9,46.3,1018.7
9/2/16,26.4,49,1015.5
9/3/16,26.3,46.3,1015
9/4/16,26.3,42,1016.5
9/5/16,26.1,47.4,1016.1
9/6/16,25.1,64.7,1014.9
9/7/16,25.4,71.7,1015.6
9/8/16,26.6,61,1014.5
9/9/16,26.8,62.3,1011.1
9/10/16,26,69.2,1013.9
9/11/16,25.3,69.7,1016
9/12/16,25.4,57.9,1016.2
9/13/16,25.5,50.6,1015.3
9/14/16,25.7,50.5,1014.6
9/15/16,26.3,47.3,1017.4
9/16/16,26.5,48.6,1018.2
9/17/16,26.6,57.4,1017.8
9/18/16,28.3,57.9,1014.2
9/19/16,26.2,61.8,1011.7
9/20/16,25.4,55.6,1011.2
9/21/16,23.6,63.7,1014.4
9/22/16,22,70.4,1020.4
9/23/16,21.2,56.7,1025.2
9/24/16,20.5,50.3,1025.9
9/25/16,20.4,49.4,1021.3
9/26/16,20.6,51.6,1020.2
9/27/16,20.4,57,1025.9
9/28/16,20.7,51,1027.8
9/29/16,21.5,53,1027.2
9/30/16,22.2,53.5,1022.3
10/1/16,22.3,56.2,1018.7
10/2/16,22.9,64.1,1018.3
10/3/16,25.3,61.8,1017.6
10/4/16,25.3,59.3,1015.5
10/5/16,23.7,53.5,1015
10/6/16,22.6,60.9,1017.2
10/7/16,21.3,71.2,1017.6
10/8/16,22.8,66.9,1017.8
10/9/16,21.9,68.3,1020.5
10/10/16,21.6,73.3,1019.5
10/11/16,21.1,83.1,1014.6
10/12/16,22.5,66,1015.1
10/13/16,20.1,49.3,1019.9
10/14/16,20.3,56.2,1022.9
10/15/16,20.3,65.6,1024.1
10/16/16,20.9,71.6,1021
10/17/16,19.3,68,1025.8
10/18/16,16,58.2,1025.9
10/19/16,17,61.1,1023.3
10/20/16,18.3,62.7,1021.6
10/21/16,19.2,66.9,1019.5
10/22/16,18.6,83.2,1020.4
10/23/16,20,78.1,1022.1
10/24/16,20.5,66.1,1025.9
10/25/16,18.6,65.5,1026.6
10/26/16,19.2,67.2,1023
10/27/16,17.7,69.9,1022.9
10/28/16,15.3,71.7,1026.9
10/29/16,15.9,66.2,1027.5
10/30/16,17.6,63.1,1022.4
10/31/16,14.8,60.6,1024.1
11/1/16,14.6,50.7,1026.1
11/2/16,14.6,66.6,1025.8
11/3/16,16.9,74.6,1020.9
11/4/16,17.8,76.7,1022.5
11/5/16,18.1,78.2,1022.9
11/6/16,18.5,75.9,1020.2
11/7/16,20.2,81.4,1017.2
11/8/16,22.9,72.4,1014.9
11/9/16,19.6,73.4,1011.9
11/10/16,17.8,65.1,1018.2
11/11/16,17.7,68,1021.8
11/12/16,18.3,70.8,1020.8
11/13/16,17,52.6,1022.5
11/14/16,14.9,63.2,1026
11/15/16,13,69,1028.3
11/16/16,11.9,67.2,1026.8
11/17/16,12.4,66.1,1025.7
11/18/16,13.5,69.7,1026.5
11/19/16,14.2,70.7,1026
11/20/16,14.4,69,1023.6
11/21/16,14,70.1,1025.1
11/22/16,14.4,67.4,1026.4
11/23/16,13.6,65.9,1027.6
11/24/16,13.2,68.9,1027.2
11/25/16,14.5,71.5,1023.9
11/26/16,16.2,78.4,1021.4
11/27/16,16.5,87.9,1018
11/28/16,15,87.7,1012.5
11/29/16,11.6,79.4,1014.6
11/30/16,8.1,73.4,1022.8
12/1/16,7.9,56.2,1021.4
12/2/16,11.9,64.6,1018.3
12/3/16,12.9,74.5,1024.7
12/4/16,13.1,70.8,1027.7
12/5/16,11.4,62.1,1031.6
12/6/16,10.8,72.7,1030.7
12/7/16,12.5,70,1036.8
12/8/16,9.1,62.2,1039.4
12/9/16,9,76,1034.1
12/10/16,11.2,72.7,1025.8
12/11/16,12,77.5,1024.3
12/12/16,14.5,62.9,1015.1
12/13/16,10.6,53.4,1029.8
12/14/16,6.3,56.7,1032
12/15/16,8.9,62.4,1025.5
12/16/16,8,70,1034.7
12/17/16,6.8,57.8,1036.4
12/18/16,7.3,52.7,1035.7
12/19/16,7.7,64.7,1034.6
12/20/16,7.8,69.8,1032.8
12/21/16,7.5,64.5,1029.3
12/22/16,7.2,56.6,1028.3
12/23/16,8.6,58,1026.3
12/24/16,9.7,53.3,1026.4
12/25/16,10.2,56.1,1025.2
12/26/16,11.8,56,1025.1
12/27/16,12.2,71.7,1026
12/28/16,7.5,70.2,1023.6
12/29/16,4.6,73.3,1025.2
12/30/16,3.7,74,1028
12/31/16,4.2,63.3,1027.4
1/1/17,6.7,68,1026.7
1/2/17,7.7,74.3,1024
1/3/17,9.8,72.6,1021.9
1/4/17,11.3,77.2,1019.8
1/5/17,13.4,73.9,1010
1/6/17,10.4,67.5,1007.6
1/7/17,2.6,64.8,1014.8
1/8/17,0.9,62,1016.2
1/9/17,1.2,61.4,1016.5
1/10/17,3,69.2,1016.1
1/11/17,9.1,81.4,1018.8
1/12/17,9.7,61.6,1023.9
1/13/17,8.4,76.6,1023.9
1/14/17,11.4,77.4,1012.2
1/15/17,10.5,62.8,1016.1
1/16/17,10.4,77.7,1013
1/17/17,10.7,80,1016
1/18/17,11.3,80.2,1019.8
1/19/17,11.1,75.9,1028.6
1/20/17,8.4,71.8,1031.8
1/21/17,8.5,68.1,1031.2
1/22/17,8.1,65,1031.3
1/23/17,8.3,69.7,1029.7
1/24/17,8.4,82.9,1020.7
1/25/17,7.5,78.6,1023.5
1/26/17,6.3,68.6,1030.6
1/27/17,5,65.4,1032.3
1/28/17,6.6,68.2,1028.2
1/29/17,7.6,68.2,1027.5
1/30/17,7.1,70.5,1026.7
1/31/17,6.9,67.5,1030.1
2/1/17,7.7,73.3,1031.5
2/2/17,10.6,81.2,1031.8
2/3/17,12.5,77.7,1028.3
2/4/17,13.4,73.6,1023.9
2/5/17,14.9,70.6,1018.3
2/6/17,14.6,76.1,1016.1
2/7/17,12.7,80.9,1012.9
2/8/17,12,75.7,1019.3
2/9/17,10.7,75,1024
2/10/17,9.8,74.5,1023.7
2/11/17,8.4,69.2,1027.4
2/12/17,7.2,68.5,1031.3
2/13/17,6.3,62.6,1031.6
2/14/17,6.5,55.5,1032.7
2/15/17,9.4,50.9,1032.1
2/16/17,9.3,59.9,1034.7
2/17/17,9.6,58.6,1032.1
2/18/17,11.6,71.1,1025.1
2/19/17,13.5,74.3,1025.1
2/20/17,14,70,1022.5
2/21/17,12.6,74.8,1019.4
2/22/17,12.7,76.7,1020.7
2/23/17,13.9,67.7,1020.4
2/24/17,15,70.4,1019.8
2/25/17,15.1,77.9,1022.6
2/26/17,15.3,79.8,1023.8
2/27/17,14.1,80.9,1020.8
2/28/17,14,80.2,1018
3/1/17,14.9,75.4,1015.8
3/2/17,14.4,46.2,1018.5
3/3/17,13.6,64.5,1021.5
3/4/17,14.6,61.1,1023.1
3/5/17,14.5,67.4,1022
3/6/17,15.3,71.2,1017.7
3/7/17,14.4,75,1011.6
3/8/17,13.6,71.9,1009.5
3/9/17,12.4,81,1008.7
3/10/17,12.5,77.2,1007.2
3/11/17,10.9,83.1,1006.6
3/12/17,12.3,70,1012.8
3/13/17,13.3,62.4,1021.2
3/14/17,12.1,60.5,1023.8
3/15/17,12.1,67.5,1025
3/16/17,11.5,64.7,1021.6
3/17/17,12.3,59.6,1020.2
3/18/17,13,66.9,1020.8
3/19/17,16.4,61.7,1013.2
3/20/17,16.3,69.5,1014.8
3/21/17,16.3,72.9,1014.5
3/22/17,16.9,64.5,1016.3
3/23/17,17.5,41,1021
3/24/17,17.6,39.7,1022.1
3/25/17,17.1,50.9,1021.3
3/26/17,18.1,58.5,1016.8
3/27/17,13.3,65.3,1023
3/28/17,12.9,52.1,1022.8
3/29/17,14.8,55.7,1020.5
3/30/17,17.8,43,1018.6
3/31/17,16.5,49.2,1022.1
4/1/17,16.2,41.4,1021.5
4/2/17,15.5,40.4,1022.2
4/3/17,15.4,60.4,1020.4
4/4/17,17.1,67.9,1020.2
4/5/17,16.6,70.7,1018
4/6/17,16.7,66.6,1013.8
4/7/17,16.6,66.8,1015.6
4/8/17,15.6,48.4,1022.4
4/9/17,15.9,53.5,1025.4
4/10/17,15.9,48.4,1024.9
4/11/17,17.4,49.5,1019.3
4/12/17,16.7,52.5,1016.3
4/13/17,18.3,54.6,1013.3
4/14/17,18.8,62.1,1015.5
4/15/17,18.9,65.1,1016.6
4/16/17,18.7,67.9,1014.4
4/17/17,17.3,69.2,1011.9
4/18/17,17,65.7,1016.7
4/19/17,17.7,73.8,1015.1
4/20/17,18,51.9,1017
4/21/17,13.9,47.1,1022.6
4/22/17,12.7,57.2,1021.5
4/23/17,15.2,56.4,1020.3
4/24/17,16.5,60.2,1023.9
4/25/17,16.7,63.9,1024
4/26/17,17.8,53.9,1021.2
4/27/17,19,56.8,1019.2
4/28/17,20.5,44.8,1017.1
4/29/17,21.9,41.8,1014.7
4/30/17,23.1,38.6,1010.4
5/1/17,23,38.2,1014.4
5/2/17,22.5,43.9,1015.9
5/3/17,21.8,52.7,1016.4
5/4/17,21.9,56,1015.9
5/5/17,23.6,47.4,1015.5
5/6/17,23.8,47.1,1014.2
5/7/17,22.4,52.4,1013
5/8/17,22,53.8,1008.1
5/9/17,22,47.7,1008.1
5/10/17,21.4,56.1,1015.5
5/11/17,21.2,60.7,1018.7
5/12/17,21.9,65.2,1018.4
5/13/17,25.8,54.8,1013.8
5/14/17,27.3,42,1017.6
5/15/17,24.8,46.1,1021.2
5/16/17,21.3,49.6,1021.2
5/17/17,18,67.6,1014.6
5/18/17,16.6,77.4,1015.2
5/19/17,19.7,40,1017.3
5/20/17,20.3,51.7,1017.3
5/21/17,21.3,62,1012.1
5/22/17,21.2,55.4,1014.9
5/23/17,22.4,56.5,1018.4
5/24/17,22.1,61,1017.3
5/25/17,22.2,64.7,1014.6
5/26/17,21.6,61.9,1012.1
5/27/17,20.5,66.1,1015
5/28/17,18,75.2,1018
5/29/17,20.3,60.4,1016.6
5/30/17,21.9,58.2,1019.1
5/31/17,23.2,58.7,1019.7
6/1/17,24.8,58.7,1018.5
6/2/17,25.8,57.4,1017.2
6/3/17,25.4,56.1,1014.2
6/4/17,24.2,63.7,1014.4
6/5/17,24.4,63.9,1014.3
6/6/17,24.5,62.1,1014.1
6/7/17,25,62.4,1016.3
6/8/17,24,67.5,1014.2
6/9/17,24.8,59.9,1015.8
6/10/17,25,59.9,1016.9
6/11/17,22.1,69.4,1014.5
6/12/17,23.6,53.4,1014.3
6/13/17,26.1,50.1,1013.1
6/14/17,27.5,51.5,1013.2
6/15/17,27.7,57,1015.1
6/16/17,26.1,69,1015.8
6/17/17,24.6,73.5,1013.2
6/18/17,19.7,80.6,1013.2
6/19/17,22.5,55.5,1017.6
6/20/17,24.9,50.2,1018.1
6/21/17,25.8,55.2,1015.5
6/22/17,27.2,49.9,1016.5
6/23/17,28.2,49.1,1017.2
6/24/17,29.2,52.3,1014.3
6/25/17,30.6,52.2,1013.8
6/26/17,29.9,54.5,1011.6
6/27/17,30.1,48.4,1012.5
6/28/17,30.4,50.7,1010.8
6/29/17,31.7,48.3,1012.6
6/30/17,34.3,41.7,1012.9
7/1/17,35.1,35.5,1011.3
7/2/17,35.5,34.7,1007.3
7/3/17,31.7,37.5,1009.8
7/4/17,26.8,49.3,1017.4
7/5/17,26.7,42.6,1017
7/6/17,28.3,38.1,1016.1
7/7/17,29.7,39,1016.7
7/8/17,29.7,46.2,1015.2
7/9/17,31.4,41.9,1013.8
7/10/17,31.9,37.6,1015.6
7/11/17,32.2,39.3,1015.9
7/12/17,31.5,47.2,1014
7/13/17,32.4,46.8,1008.3
7/14/17,31.8,43,1008.3
7/15/17,29.7,49.2,1009.5
7/16/17,27.6,48,1009.5
7/17/17,23.1,67.5,1014.3
7/18/17,24.3,57.6,1018.7
7/19/17,26.8,44.4,1017.7
7/20/17,27.9,39.6,1013.8
7/21/17,28.7,37.7,1013.7
7/22/17,30,36.9,1015.8
7/23/17,30.7,43.9,1015.1
7/24/17,31.2,47.8,1010.5
7/25/17,31.3,43.8,1006.4
7/26/17,30.6,47.1,1004.5
7/27/17,28.4,47.1,1008.7
7/28/17,28.2,49.9,1014.9
7/29/17,29.4,49.5,1016.9
7/30/17,30.5,38.3,1016.2
7/31/17,29.3,42.2,1014.7
8/1/17,28.7,41.7,1016.9
8/2/17,29.3,41.5,1015.8
8/3/17,31.3,36.6,1014
8/4/17,32,38.6,1011.8
8/5/17,33.4,34.7,1011
8/6/17,34.3,32.8,1010.9
8/7/17,34.6,34.9,1011.8
8/8/17,33.6,42.1,1013.3
8/9/17,32.2,44.7,1013.7
8/10/17,32.4,37.7,1012.9
8/11/17,32.2,39.7,1012
8/12/17,32.1,39.4,1010.3
8/13/17,30.8,37.6,1010.4
8/14/17,29,46.3,1015
8/15/17,29.1,47.4,1015.9
8/16/17,29.7,43,1013.3
8/17/17,30.1,38.1,1012.1
8/18/17,30.3,34.6,1014.3
8/19/17,30.5,31.9,1014.4
8/20/17,30.3,41.9,1013.2
8/21/17,28.4,55.7,1011.9
8/22/17,26.2,58.8,1014.8
8/23/17,26.2,50.4,1016.6
8/24/17,26.6,44.7,1019
8/25/17,26.9,37.8,1019.2
8/26/17,27.2,39.7,1017.7
8/27/17,27.1,40.4,1014.3
8/28/17,28.9,38.9,1011
8/29/17,28.9,43.7,1012.5
8/30/17,24.3,55.6,1017.2
8/31/17,25,44.6,1017.6
9/1/17,25.3,50.2,1016.6
9/2/17,26.6,60.3,1013.3
9/3/17,28.1,56.8,1010.9
9/4/17,27.5,44.2,1016.1
9/5/17,26.2,50.1,1016.9
9/6/17,24.6,50.6,1018
9/7/17,25.1,51,1017.2
9/8/17,25.7,56.3,1014.6
9/9/17,26.1,64.8,1014.6
9/10/17,26.6,70.5,1012.7
9/11/17,26.7,72,1012.3
9/12/17,27.1,54.2,1014.8
9/13/17,27.9,50.1,1016.5
9/14/17,27.9,48.7,1016
9/15/17,26.9,52.2,1013.5
9/16/17,27.1,56.3,1015.1
9/17/17,27.6,53.9,1015.5
9/18/17,28.8,48.4,1013
9/19/17,28.4,49,1011
9/20/17,26.9,52.2,1011.3
9/21/17,24.1,44.4,1015.7
9/22/17,22.8,43.3,1019.5
9/23/17,22.5,51.8,1021.2
9/24/17,22.7,50.6,1020.7
9/25/17,22.9,58.1,1017.3
9/26/17,22.2,71.1,1018.9
9/27/17,22.2,71,1021.8
9/28/17,20.9,70,1021.9
9/29/17,19.2,65,1019.2
9/30/17,18.5,65.7,1019.2
10/1/17,18,72,1023.5
10/2/17,18.8,64.8,1024.9
10/3/17,18.8,61.4,1024.4
10/4/17,20,60.3,1024.7
10/5/17,20.9,59.6,1022.9
10/6/17,22.7,65.3,1013.3
10/7/17,22.1,65.6,1008.4
10/8/17,17.9,46.8,1016.5
10/9/17,18.7,55,1019.7
10/10/17,19.2,58.4,1021.8
10/11/17,19.7,51.6,1023.3
10/12/17,19.9,50.1,1024.3
10/13/17,20.5,51.2,1023.1
10/14/17,20.9,51.9,1025.8
10/15/17,20.5,49.1,1027.4
10/16/17,22.1,48,1027
10/17/17,21.7,54.3,1026.8
10/18/17,21.1,56.5,1022.3
10/19/17,20.1,63.1,1019.7
10/20/17,20.4,70.2,1019.5
10/21/17,20.8,71.2,1018.6
10/22/17,20.6,73,1016.2
10/23/17,20.2,73.2,1011.9
10/24/17,18.5,62.2,1008
10/25/17,17.1,68.1,1021.7
10/26/17,16.4,68.9,1025.1
10/27/17,17.9,63.2,1021.8
10/28/17,17,70,1011.5
10/29/17,16.6,56.7,1013
10/30/17,17.8,56,1019.3
10/31/17,15.9,49.8,1023.3
11/1/17,14.8,52.3,1025
11/2/17,14.3,60.9,1024.3
11/3/17,15.5,69.5,1019.2
11/4/17,15.1,71,1020.9
11/5/17,15.3,63,1021
11/6/17,15.4,63.4,1021.5
11/7/17,16.7,73.7,1022.7
11/8/17,15.6,81.4,1022
11/9/17,16.6,74.3,1022
11/10/17,16.5,74.2,1022.3
11/11/17,17.9,73.9,1019.8
11/12/17,18.9,77.3,1018.7
11/13/17,16.5,81,1011.3
11/14/17,17.3,78.6,1016.3
11/15/17,19.3,75.4,1018.3
11/16/17,16.9,81.4,1019.5
11/17/17,15,88.3,1015.4
11/18/17,15.3,86.2,1013.8
11/19/17,14.8,82.2,1011.7
11/20/17,13.5,59.8,1019.8
11/21/17,10.7,51.1,1023.1
11/22/17,12.2,68.3,1022.4
11/23/17,13.4,72.3,1022.3
11/24/17,14.3,76.4,1022.4
11/25/17,14.9,77.4,1021.7
11/26/17,15.8,72.6,1020.1
11/27/17,14.8,75,1015
11/28/17,12.7,64,1016.9
11/29/17,12.6,64.6,1019.8
11/30/17,17,76.3,1018.6
12/1/17,18.8,74,1017.1
12/2/17,19.3,72.4,1017.9
12/3/17,18.7,72.2,1021.5
12/4/17,14.8,65.1,1021.8
12/5/17,11.3,55,1027.3
12/6/17,9,53.3,1031.6
12/7/17,10.1,69,1029.3
12/8/17,11.6,73.4,1027.3
12/9/17,14.9,64.2,1020.9
12/10/17,14.4,56.2,1022.2
12/11/17,11.2,67.4,1024.5
12/12/17,13.1,75.5,1025.1
12/13/17,15.6,70.6,1023.1
12/14/17,16.4,64.2,1018.2
12/15/17,15.1,67.7,1018
12/16/17,15.9,80.9,1014.7
12/17/17,16.1,71.5,1016.6
12/18/17,12,67.6,1019.5
12/19/17,9.9,60.5,1027.3
12/20/17,9.1,60.1,1028.9
12/21/17,7.9,72.2,1028
12/22/17,6.2,78.6,1024.8
12/23/17,7.2,69.2,1024.3
12/24/17,8.4,66.7,1026.7
12/25/17,10.7,75.8,1028.9
12/26/17,11,79.7,1026.4
12/27/17,12.6,79.3,1020.5
12/28/17,14.3,79.5,1012.8
12/29/17,13.2,73.6,1009.2
12/30/17,12.1,60.4,1017.3
12/31/17,10.3,57.2,1022
1/1/18,11.8,66.7,1021.6
1/2/18,14.3,68.1,1013.3
1/3/18,11.6,69.4,1011.3
1/4/18,10.1,71.7,1012.3
1/5/18,10.7,63.1,1019.1
1/6/18,11.2,78.2,1024.1
1/7/18,13.8,83.9,1030.3
1/8/18,15,84.8,1032.8
1/9/18,14.2,80.6,1031.5
1/10/18,13.2,76.6,1027.6
1/11/18,13.2,83.7,1013.9
1/12/18,13.3,77.8,1017.7
1/13/18,11.6,81,1016.6
1/14/18,8.8,73.5,1028.7
1/15/18,10.6,73.8,1029.5
1/16/18,12.8,75.5,1023.4
1/17/18,14.4,70.2,1014.7
1/18/18,10.7,44.7,1018.5
1/19/18,11.1,53.3,1019
1/20/18,14.2,76.1,1016.9
1/21/18,14.5,77.5,1013.7
1/22/18,10.4,65,1013.1
1/23/18,8.4,70,1024
1/24/18,6.9,57,1030.7
1/25/18,6.7,53.8,1030.3
1/26/18,7.8,59.3,1028.8
1/27/18,8.6,68,1032.4
1/28/18,9.6,72.2,1033
1/29/18,9.9,75.5,1031.5
1/30/18,11.1,75.6,1027.3
1/31/18,11.7,77.3,1025.8
2/1/18,12.2,78.4,1022.2
2/2/18,13.6,80.5,1022.2
2/3/18,14.8,81.3,1020.2
2/4/18,15.3,71.7,1016.8
2/5/18,12.6,66.7,1021.1
2/6/18,12.7,60.3,1022.9
2/7/18,14.1,72.3,1021.1
2/8/18,15.2,63.1,1016.6
2/9/18,14.2,68.6,1016.7
2/10/18,13.3,83.3,1011.7
2/11/18,13.9,66.6,1011
2/12/18,12.4,58.1,1015
2/13/18,12.3,69.7,1016.8
2/14/18,12.3,61.9,1015.2
2/15/18,9.6,82.2,1014.8
2/16/18,9.8,75.9,1023.4
2/17/18,11.4,71.7,1024.1
2/18/18,11.8,72,1022.5
2/19/18,12,72.3,1016.3
2/20/18,11,78.2,1014.5
2/21/18,13.3,79.1,1009.6
2/22/18,13.7,78.9,1011
2/23/18,13.7,75,1012
2/24/18,12.8,73.6,1010.1
2/25/18,11.4,73.7,1011.2
2/26/18,12.2,72.9,1003.5
2/27/18,13,69.4,1007.8
2/28/18,12.4,58.9,1018.8
3/1/18,11.2,60.9,1021
3/2/18,14.8,80,1015.6
3/3/18,16.8,64.8,1007.3
3/4/18,16.6,65.5,1006.4
3/5/18,16.8,74.3,1006.3
3/6/18,17,71.1,1007.8
3/7/18,18.3,57.5,1008.6
3/8/18,15.5,57.1,1015.5
3/9/18,14.8,50.8,1018.4
3/10/18,14.3,58.7,1019.4
3/11/18,15.1,67.1,1017.1
3/12/18,15.7,78.2,1016
3/13/18,17,56.8,1013
3/14/18,16.2,57.2,1013
3/15/18,16.1,53.7,1015.4
3/16/18,15.2,62.9,1015.4
3/17/18,18,63.9,1013.5
3/18/18,18.5,63.4,1006.3
3/19/18,15.8,67,1007.3
3/20/18,15.3,62.4,1015.6
3/21/18,15.2,71.2,1016.5
3/22/18,17.7,68.1,1012.2
3/23/18,15.4,57.6,1000.7
3/24/18,13.4,64.3,1009.6
3/25/18,14.6,65,1014.5
3/26/18,17.2,63.2,1012.3
3/27/18,15.7,62.1,1013.7
3/28/18,14.5,64.9,1011.8
3/29/18,14.9,53.1,1018.9
3/30/18,15.2,68.3,1020.9
3/31/18,15.7,77.3,1020.4
4/1/18,17.9,58.6,1012.9
4/2/18,16.4,53.5,1020.8
4/3/18,16.6,55.8,1023.4
4/4/18,17,53.3,1022.6
4/5/18,17.8,54,1017.6
4/6/18,17.7,63.5,1010.4
4/7/18,16.7,57.5,1016.5
4/8/18,19.7,40.2,1017.3
4/9/18,18.9,46.9,1017.3
4/10/18,17.6,62.9,1015
4/11/18,17.3,66.2,1013.1
4/12/18,18.6,65.6,1013.3
4/13/18,19.8,64.2,1016.7
4/14/18,21.5,61.1,1019.5
4/15/18,22.9,46.9,1018.9
4/16/18,20.5,57.7,1016
4/17/18,19,64.3,1019.4
4/18/18,19.9,62.3,1021.9
4/19/18,20.8,46,1022.3
4/20/18,20,52.1,1020.7
4/21/18,18,44.7,1021.7
4/22/18,19.3,46.2,1019.5
4/23/18,19.1,60.2,1016.3
4/24/18,21.2,51.3,1018.1
4/25/18,22.3,50.2,1016.6
4/26/18,22.1,54.8,1014.3
4/27/18,23.4,50.8,1014.8
4/28/18,25.3,40.8,1015.3
4/29/18,23.8,52.9,1014.9
4/30/18,23.6,54.7,1014.3
5/1/18,23.9,55.7,1012.9
5/2/18,22.9,60.6,1012.1
5/3/18,24.2,59.4,1009.1
5/4/18,24,60.4,1008.9
5/5/18,22.5,66.4,1011.8
5/6/18,19.4,76,1010.6
5/7/18,19.1,80.4,1010
5/8/18,20.5,74,1009.1
5/9/18,21.4,69.9,1006.9
5/10/18,21.2,63.3,1009.8
5/11/18,21.3,64.5,1014.7
5/12/18,21.9,50.3,1015.2
5/13/18,21.1,59.2,1013.8
5/14/18,23,62.2,1016.5
5/15/18,23.8,61.7,1017.2
5/16/18,23.5,65.6,1016.7
5/17/18,24,58.6,1016.6
5/18/18,24.8,51.6,1016.2
5/19/18,25.7,52.6,1012.7
5/20/18,24.3,61.7,1014.7
5/21/18,24.9,51.1,1014.5
5/22/18,25.1,51.5,1018.6
5/23/18,24.2,61.2,1018.4
5/24/18,22.1,74.3,1013.9
5/25/18,24.6,57,1013.1
5/26/18,25.3,51.7,1015.5
5/27/18,24.8,55.5,1017.2
5/28/18,25,46.8,1017.6
5/29/18,25.1,42.1,1016.7
5/30/18,25.4,44.6,1015.3
5/31/18,25.5,38.4,1015.2
6/1/18,27.2,31.6,1015.3
6/2/18,28.3,35.1,1015.2
6/3/18,26.2,48,1014.9
6/4/18,26.9,49.4,1011.5
6/5/18,28.3,46.8,1010.8
6/6/18,28.4,48.3,1014
6/7/18,28,56.4,1017.6
6/8/18,27.7,59.7,1018.1
6/9/18,27.7,55.4,1013.1
6/10/18,27,54.6,1007.9
6/11/18,27.9,43.4,1009.9
6/12/18,29.2,37.8,1009.1
6/13/18,28.3,46.7,1006.6
6/14/18,28.5,52.8,1004.5
6/15/18,26.1,59.9,1005.3
6/16/18,23.6,72.6,1008.9
6/17/18,22.8,74.6,1010.7
6/18/18,23.3,74.7,1010.8
6/19/18,26.1,56,1014
6/20/18,27.5,42.6,1015.9
6/21/18,26.9,52.7,1015.1
6/22/18,26.9,57,1013.6
6/23/18,26.1,63.8,1013.5
6/24/18,24.1,64,1014.8
6/25/18,24.4,57.2,1014.1
6/26/18,23.4,69.8,1008.8
6/27/18,22.5,78.3,1004.9
6/28/18,23.7,61.7,1007.5
6/29/18,25.5,51.2,1007.7
6/30/18,25.9,54.4,1009.2
7/1/18,27.5,61.3,1014.5
7/2/18,28.6,55.5,1015.5
7/3/18,29.7,51.4,1014.5
7/4/18,31,48.4,1013.1
7/5/18,30.7,55.2,1011.7
7/6/18,30.1,55.9,1011.2
7/7/18,30,52.9,1009.4
7/8/18,26.8,65.7,1011.2
7/9/18,26.6,65.1,1011.6
7/10/18,26.9,68.8,1012.6
7/11/18,28.1,58.7,1012.9
7/12/18,29.4,52.7,1013.4
7/13/18,30.3,51.2,1012.9
7/14/18,30.5,47.5,1012.3
7/15/18,30,47.5,1012.4
7/16/18,29.8,46.5,1011.8
7/17/18,30.2,50.6,1011.4
7/18/18,30,52.4,1008.6
7/19/18,29.8,46.5,1009.3
7/20/18,29,54.9,1011.1
7/21/18,30.1,54.3,1012.9
7/22/18,30.9,47.8,1012.5
7/23/18,31.2,40.8,1008
7/24/18,28.1,55.3,1005.3
7/25/18,28.4,56.6,1006.6
7/26/18,27.1,61.4,1010.8
7/27/18,27.4,60.7,1011.3
7/28/18,28.3,63.2,1009.8
7/29/18,26.7,67.7,1009.6
7/30/18,28.7,62.5,1009.8
7/31/18,28.4,65.7,1011.2
8/1/18,29.3,62.5,1013.1
8/2/18,29.9,58.2,1013.3
8/3/18,29.6,49.6,1012.1
8/4/18,29.2,47.8,1012.3
8/5/18,29.3,42.4,1013.7
8/6/18,29.6,39,1014
8/7/18,29.5,43,1014.1
8/8/18,30.1,44.7,1014.4
8/9/18,29.6,46.2,1015.6
8/10/18,28.7,48.1,1017
8/11/18,27.7,49.1,1016.5
8/12/18,27.4,46.4,1016.1
8/13/18,27.8,45.3,1014.8
8/14/18,28.5,43.7,1012.6
8/15/18,28.8,45.9,1011.8
8/16/18,28.7,47.3,1011.4
8/17/18,28.6,53.5,1011.8
8/18/18,29.9,44.3,1012.1
8/19/18,30.3,43.1,1011.2
8/20/18,29,43.9,1012
8/21/18,28.3,42.6,1014.2
8/22/18,28.6,44.2,1014.2
8/23/18,29.2,42.3,1012.6
8/24/18,28.7,52.1,1011.1
8/25/18,27.6,61.4,1010.9
8/26/18,28.3,60.9,1008.9
8/27/18,27.9,60.1,1008.7
8/28/18,24.6,69.7,1011.3
8/29/18,28.1,50,1013.5
8/30/18,28.7,44.2,1014.6
8/31/18,28.9,44.8,1014.5
9/1/18,29.5,39.8,1014.8
9/2/18,30.4,35.5,1014.5
9/3/18,30.4,42.8,1012.6
9/4/18,29.3,50.4,1010
9/5/18,29,47.5,1009.8
9/6/18,27.6,55,1011.4
9/7/18,27.4,61.5,1012.5
9/8/18,25.7,66.5,1015.2
9/9/18,26.7,55.7,1017.1
9/10/18,26.8,48.4,1019.1
9/11/18,26.2,48.2,1019.9
9/12/18,25.2,51.2,1019.4
9/13/18,24.8,56,1015.3
9/14/18,24.8,60.5,1017.1
9/15/18,25.1,63.5,1018.4
9/16/18,26.8,52.5,1019.6
9/17/18,26.3,51.7,1020.3
9/18/18,25.1,50.1,1020.1
9/19/18,24.5,52.3,1019.6
9/20/18,24.7,51,1018.3
9/21/18,24.8,51.2,1017.2
9/22/18,24.7,58.1,1018
9/23/18,25.5,55.5,1019.4
9/24/18,24.7,61,1017.2
9/25/18,20.9,62.4,1024.5
9/26/18,18.2,49.4,1025.3
9/27/18,17.4,65.6,1022.3
9/28/18,18.3,75.7,1017.7
9/29/18,19.4,84.2,1013.1
9/30/18,17,86.9,1013.2
10/1/18,19.6,77.2,1014.3
10/2/18,20.7,69.5,1018.1
10/3/18,21.5,77.5,1020.6
10/4/18,22.3,73.2,1026.4
10/5/18,20.8,52.2,1027.7
10/6/18,20.2,57.2,1025.2
10/7/18,20.1,65,1019.1
10/8/18,20.8,65.3,1018.5
10/9/18,20,60.8,1020.6
10/10/18,20.3,55.6,1021.5
10/11/18,20.3,57.9,1022
10/12/18,19.1,69.6,1021.9
10/13/18,19.7,69.7,1022.5
10/14/18,19.3,68.4,1022.1
10/15/18,18.8,72.4,1021.3
10/16/18,19.7,65.7,1021.8
10/17/18,19.8,63.8,1019.7
10/18/18,19.6,72.2,1017.5
10/19/18,19.9,74,1017.7
10/20/18,20.5,70.7,1018.7
10/21/18,19.6,66.5,1018.5
10/22/18,18.8,68.1,1018.7
10/23/18,18.4,77.3,1015.9
10/24/18,19,71.7,1011.7
10/25/18,15.3,49,1019.3
10/26/18,16.2,58.3,1021.1
10/27/18,19,73.1,1021.8
10/28/18,20.5,77.6,1023.7
10/29/18,19.5,76.9,1023.1
10/30/18,19.9,82,1023
10/31/18,21.4,81.7,1025.8
11/1/18,21.7,74.1,1026.1
11/2/18,21.4,57.9,1023.9
11/3/18,19.4,60.7,1022.2
11/4/18,17.8,62.3,1022.3
11/5/18,17.2,68.5,1021
11/6/18,17.1,66.3,1020.8
11/7/18,17.1,70.2,1021.6
11/8/18,16.1,72.6,1021.3
11/9/18,16.2,69.2,1020.4
11/10/18,15.9,67.6,1020.6
11/11/18,15.8,68.5,1025.6
11/12/18,15.6,69.2,1027.9
11/13/18,15.9,61.1,1028
11/14/18,15.1,65.4,1025.1
11/15/18,14.6,64.2,1022.7
11/16/18,12.7,63,1024.2
11/17/18,12.3,77.6,1021.7
11/18/18,13.5,86.7,1020.4
11/19/18,17.1,80.5,1018.2
11/20/18,17,85.9,1019.2
11/21/18,17.9,75.4,1014.3
11/22/18,15.8,71.4,1020.7
11/23/18,13.8,71.8,1025.8
11/24/18,13,68,1025.8
11/25/18,14.9,79.4,1023
11/26/18,18.5,77.5,1011.9
11/27/18,18.5,79.6,1009.9
11/28/18,16.6,66.4,1012.9
11/29/18,10.2,72.5,1020.8
11/30/18,8.8,74.1,1022.4
12/1/18,9.7,70.2,1023.2
12/2/18,11.1,69.8,1022.1
12/3/18,11.1,68.3,1020
12/4/18,11.4,72,1014.8
12/5/18,12.8,67.2,1018.6
12/6/18,9.7,71.5,1023.2
12/7/18,9.4,66.3,1024.9
12/8/18,10.9,72.5,1020.2
12/9/18,14.7,68.2,1013.6
12/10/18,13,64.8,1011.2
12/11/18,9.6,70.3,1016.9
12/12/18,8.7,64.1,1022.5
12/13/18,8.7,82.9,1022.2
12/14/18,13.7,84.9,1019.7
12/15/18,16.8,73.6,1017.9
12/16/18,13.8,78,1014.5
12/17/18,11.8,71.9,1017
12/18/18,10.4,78.3,1018.5
12/19/18,9.2,72.4,1026.5
12/20/18,9.9,73.5,1028.8
12/21/18,10.8,77.3,1029.9
12/22/18,12.9,73.3,1026.8
12/23/18,13.2,68.4,1025.1
12/24/18,13.1,77.4,1024.8
12/25/18,9.7,77,1022.7
12/26/18,6.4,64.6,1026.4
12/27/18,7.7,61.8,1026.3
12/28/18,8.8,70.2,1026.1
12/29/18,10.8,63.7,1023.5
12/30/18,10.8,64.4,1023.8
12/31/18,9.6,75.2,1021.9
1/1/19,8.6,77,1017
1/2/19,7.6,73.1,1015.5
1/3/19,6.5,77.4,1014.8
1/4/19,6,78.1,1019.1
1/5/19,4.1,69.5,1016.5
1/6/19,5.6,52.1,1015.6
1/7/19,4.9,61.9,1021.3
1/8/19,2.8,67.8,1023
1/9/19,8.3,78.3,1018.2
1/10/19,14,70.6,1012.9
1/11/19,12,74.5,1015.5
1/12/19,8,80.5,1012
1/13/19,8.6,68.6,1012.1
1/14/19,10,74.1,1006.9
1/15/19,7.3,58.6,1015.4
1/16/19,7.2,49.6,1022
1/17/19,8.8,70.8,1022.8
1/18/19,10.4,73.4,1020.6
1/19/19,10.9,78.7,1020.4
1/20/19,12.1,79.4,1018.6
1/21/19,11.8,77.8,1018.1
1/22/19,13,81.9,1017.7
1/23/19,13.8,80,1010.1
1/24/19,12.5,75,1001.1
1/25/19,12.4,79.8,1000.5
1/26/19,12,74.4,1004.7
1/27/19,11.2,70.6,1011.2
1/28/19,12.2,77.6,1010.5
1/29/19,14.9,70.4,1008.1
1/30/19,13,72.1,1006.3
1/31/19,11.2,71.9,1015.9
2/1/19,12.8,67.9,1019.8
2/2/19,12.7,80.4,1020
2/3/19,15,78.6,1019.3
2/4/19,15.1,76.3,1019.5
2/5/19,15.4,68.5,1017.9
2/6/19,10.9,82.3,1014.6
2/7/19,9.7,77.1,1018.8
2/8/19,9,69.7,1020.9
2/9/19,8.3,74.5,1023.1
2/10/19,9.8,76.9,1024.3
2/11/19,13.6,68.1,1020
2/12/19,12.9,65.1,1017
2/13/19,7.1,71,1020.8
2/14/19,8.6,57.8,1022.1
2/15/19,6.6,75.5,1023.4
2/16/19,7.3,71.5,1027.2
2/17/19,8.6,64.5,1027.5
2/18/19,9.8,69.4,1025.6
2/19/19,10.7,71.5,1024
2/20/19,11.2,76.8,1021.8
2/21/19,12.3,64.8,1023.9
2/22/19,11.8,74.2,1023.5
2/23/19,6.6,79,1023.8
2/24/19,4.2,74.4,1027.6
2/25/19,6,70.6,1026.9
2/26/19,9.7,59.8,1021
2/27/19,9.5,61.9,1021.2
2/28/19,10,61.6,1021.8
3/1/19,12.7,64.2,1015.3
3/2/19,13.7,67.8,1013
3/3/19,12.3,63.2,1019.5
3/4/19,11.4,62.8,1019.9
3/5/19,13.3,68.2,1018.6
3/6/19,15.7,65,1023.4
3/7/19,14.6,71.9,1024.3
3/8/19,14.5,72.7,1023.7
3/9/19,15.2,61.6,1025.1
3/10/19,17.2,55.1,1023.4
3/11/19,17.3,55.4,1017.4
3/12/19,14.8,73.5,1010.7
3/13/19,9.5,70.8,1016.5
3/14/19,10.6,72,1015.8
3/15/19,10,76.2,1015.5
3/16/19,13.5,60,1018.9
3/17/19,15.1,64,1019.8
3/18/19,14.9,70.4,1017.7
3/19/19,14.7,71.7,1019.5
3/20/19,15.2,68.9,1023.6
3/21/19,14.7,50.3,1026.2
3/22/19,13.5,53.1,1027.1
3/23/19,14.7,50.4,1022.8
3/24/19,13.7,46.1,1021.2
3/25/19,14.4,49.6,1018.2
3/26/19,15.3,63.5,1016.3
3/27/19,14.4,62.9,1021.6
3/28/19,11.8,62.2,1021.3
3/29/19,10.8,52.7,1020.3
3/30/19,11.3,46.5,1019.1
3/31/19,13.4,46,1014.7
4/1/19,15.5,46.3,1015.5
4/2/19,15.7,46.5,1017.4
4/3/19,14.3,45.5,1017.5
4/4/19,14,57.8,1017.3
4/5/19,14.3,70.8,1015.4
4/6/19,13.7,83.8,1008.4
4/7/19,15.3,72.4,1011
4/8/19,13.4,84.6,1008.7
4/9/19,14.4,66.7,1005.2
4/10/19,16.4,64.6,1010.9
4/11/19,17.3,62.3,1013.5
4/12/19,15.2,79.1,1014.8
4/13/19,13.4,77.5,1013
4/14/19,14.3,75.4,1012.6
4/15/19,13.4,79.4,1014
4/16/19,13.9,61.1,1018.4
4/17/19,13.7,72.9,1018.3
4/18/19,13.8,63.1,1023.9
4/19/19,13.9,58.9,1025.6
4/20/19,13,62.6,1027.7
4/21/19,13.6,55.3,1027
4/22/19,14.6,50.9,1023
4/23/19,16.1,59.3,1024.2
4/24/19,17.3,66.9,1025.3
4/25/19,17.7,68.6,1024.2
4/26/19,19.4,69.7,1020.5
4/27/19,20.4,62.8,1016.5
4/28/19,19.8,70.3,1013.5
4/29/19,19.4,60,1013.2
4/30/19,18.8,56.9,1012.4
5/1/19,17.2,51.9,1012.3
5/2/19,17.4,58,1013.5
5/3/19,18.7,60.6,1015
5/4/19,16.6,72,1012.6
5/5/19,19,70.3,1007.7
5/6/19,18.2,60.7,1010.2
5/7/19,16.9,54.7,1014.9
5/8/19,16.7,59,1016.7
5/9/19,17.3,65.5,1015
5/10/19,19.1,63.6,1012
5/11/19,19,74.3,1017.7
5/12/19,19.6,66.9,1017.4
5/13/19,19.8,60.5,1015
5/14/19,19.1,68.3,1011.2
5/15/19,18.5,65.8,1011.1
5/16/19,18.9,65.2,1010
5/17/19,18.8,70,1009.9
5/18/19,21.1,60.9,1011.9
5/19/19,21.5,57,1011.8
5/20/19,20.3,69.9,1014.6
5/21/19,22,59.1,1014.3
5/22/19,21.4,51,1015.8
5/23/19,22.1,53.9,1012.6
5/24/19,21.9,54.3,1012.5
5/25/19,22,56.5,1016.3
5/26/19,22.3,57.1,1016.3
5/27/19,22.2,60.2,1017.1
5/28/19,22.4,62.7,1012
5/29/19,22.8,57,1015.9
5/30/19,24.5,51.7,1018.3
5/31/19,25.2,48.1,1015.8
6/1/19,22.8,59.4,1014.3
6/2/19,22.3,54.8,1014.6
6/3/19,21.8,52.9,1015.3
6/4/19,21.5,61.9,1014.5
6/5/19,22.6,62.2,1014.3
6/6/19,23.7,62,1016.6
6/7/19,25.4,59.5,1018.1
6/8/19,28.4,48.6,1017.7
6/9/19,28.8,45.8,1015.4
6/10/19,26.4,52.3,1013
6/11/19,25.6,60.9,1011.9
6/12/19,26.2,60.9,1014.3
6/13/19,27.8,56.5,1015.5
6/14/19,29.1,47.5,1014.8
6/15/19,29.8,43.8,1012.8
6/16/19,28.8,49,1011.8
6/17/19,27.9,51.8,1011.9
6/18/19,26.9,55,1013.3
6/19/19,25.7,61.6,1013.1
6/20/19,26.9,57.7,1012.3
6/21/19,28,54.1,1013.3
6/22/19,30.2,43.9,1014.1
6/23/19,30.2,43.6,1014.5
6/24/19,30.3,50.3,1012.2
6/25/19,29.5,50.8,1014
6/26/19,28.9,55.2,1015
6/27/19,29.1,50.5,1013.8
6/28/19,30.8,40,1010.1
6/29/19,27.7,50.3,1015
6/30/19,25.9,43.5,1017.7
7/1/19,26.9,44.4,1017.3
7/2/19,28.3,46.9,1012.7
7/3/19,28.4,47.4,1012
7/4/19,31.2,36.4,1014.1
7/5/19,30.6,49.7,1013.8
7/6/19,29.4,52.6,1011.4
7/7/19,30.4,42.7,1011.1
7/8/19,31.4,45,1010.4
7/9/19,30.6,51,1011.6
7/10/19,31.4,49.1,1008.7
7/11/19,25,60.2,1011.4
7/12/19,25.3,49.4,1012.4
7/13/19,25.8,62.1,1011.4
7/14/19,25.9,65.2,1007.5
7/15/19,24.9,64.2,1010
7/16/19,25.1,59.7,1007.8
7/17/19,24.7,56.5,1009.7
7/18/19,26.4,47,1013
7/19/19,27.5,40,1014.9
7/20/19,28.1,40.6,1016.8
7/21/19,28.8,38.2,1016.6
7/22/19,29.6,41.2,1016.1
7/23/19,30.2,41,1012.6
7/24/19,28.4,51.5,1014.4
7/25/19,27.6,44.6,1015.5
7/26/19,28.7,41.3,1014.1
7/27/19,29.2,46.2,1008.2
7/28/19,29.3,47.8,1007.1
7/29/19,30.5,46.1,1004.5
7/30/19,29.9,54.9,1007.7
7/31/19,29.6,55,1009
8/1/19,31.7,44.7,1009.9
8/2/19,31.3,51.2,1010.6
8/3/19,31,51.6,1007.9
8/4/19,30,49.1,1010.9
8/5/19,27.5,47.4,1013.8
8/6/19,27.4,42,1015.2
8/7/19,28.5,37.1,1014.8
8/8/19,29.3,44.4,1012.9
8/9/19,31.1,35.5,1010.7
8/10/19,31.8,37.4,1011.7
8/11/19,31.3,34.9,1011.9
8/12/19,30.1,39.9,1010.5
8/13/19,29.9,43.2,1008.5
8/14/19,29.3,52.3,1007.5
8/15/19,29.1,55.9,1010.1
8/16/19,28.8,57,1011.4
8/17/19,27.7,51,1014.6
8/18/19,26.7,45,1015.5
8/19/19,27.1,42,1016
8/20/19,27.4,41.7,1017.4
8/21/19,28.3,44.8,1016.4
8/22/19,30.6,42.6,1016
8/23/19,30.7,39.9,1016.4
8/24/19,31,42.8,1014.7
8/25/19,30.6,44.2,1013.4
8/26/19,31.5,42.9,1013.7
8/27/19,30.3,41.7,1015.3
8/28/19,29,39.5,1015.2
8/29/19,28.5,33.5,1015.2
8/30/19,27.8,40.3,1015.7
8/31/19,27,42.1,1014.1
9/1/19,27,39.1,1012.4
9/2/19,28,35.2,1012.2
9/3/19,27.7,34,1012
9/4/19,27.7,38.2,1011.5
9/5/19,26.9,52.8,1011
9/6/19,27,46.9,1014.9
9/7/19,26.5,41.9,1015.6
9/8/19,26.4,42.5,1015.6
9/9/19,26.4,46.4,1014.8
9/10/19,25.9,47.2,1014.7
9/11/19,25.8,49.7,1018.5
9/12/19,26,49.9,1019.9
9/13/19,24.9,48.8,1019.4
9/14/19,26.1,33.5,1019.5
9/15/19,25.7,41.5,1020.7
9/16/19,25.2,47.5,1018.7
9/17/19,24.6,55,1016
9/18/19,24.6,63.7,1014.7
9/19/19,24.9,65,1015.5
9/20/19,22.4,66.4,1020.6
9/21/19,20.5,48.1,1023.6
9/22/19,21.1,51.6,1022.9
9/23/19,21.8,67.8,1018.6
9/24/19,21.8,82.8,1012.9
9/25/19,23.1,67.8,1013.5
9/26/19,23.1,75.8,1013.9
9/27/19,24,67.9,1017.9
9/28/19,23.9,55.8,1019.1
9/29/19,23.6,62.5,1017
9/30/19,24.2,65.5,1013.5
10/1/19,24.3,67.3,1012.5
10/2/19,23.6,71.8,1010.8
10/3/19,23.2,74.3,1011.6
10/4/19,23.3,71.9,1009.5
10/5/19,22.1,56.7,1010.3
10/6/19,22.6,58.2,1011.4
10/7/19,20.4,74.1,1009.5
10/8/19,19,73.6,1022.6
10/9/19,20.2,66.9,1024.2
10/10/19,20.9,76.5,1020.6
10/11/19,22.4,76.7,1022
10/12/19,22.9,53.7,1023.5
10/13/19,22.1,57.2,1022.4
10/14/19,21.3,57.6,1021.7
10/15/19,21.4,61.4,1018.9
10/16/19,21.6,69.8,1016.9
10/17/19,21.7,73.9,1018.7
10/18/19,21.2,76.7,1019
10/19/19,21.5,76.8,1019.7
10/20/19,21.7,74.4,1021
10/21/19,22.3,57.2,1021.4
10/22/19,22.4,51.9,1019.9
10/23/19,21.5,51.8,1019.9
10/24/19,21.4,43.9,1018.3
10/25/19,20.5,47.4,1019.5
10/26/19,20.4,51.7,1021.3
10/27/19,20.7,52.6,1020
10/28/19,19.3,64.1,1015.7
10/29/19,18.4,75.2,1017.8
10/30/19,19.2,75.1,1018.9
10/31/19,18.2,85,1018.2
11/1/19,17,73.7,1019.3
11/2/19,17,64.1,1019
11/3/19,17.9,71.2,1018.3
11/4/19,19.2,85.5,1014.6
11/5/19,19.4,80.2,1016.1
11/6/19,19.5,80,1014.7
11/7/19,21.7,75.8,1013.2
11/8/19,19.6,75.1,1016.4
11/9/19,18.9,73.9,1018.3
11/10/19,19.4,76.1,1016.8
11/11/19,18.2,77.9,1017.7
11/12/19,20.6,75,1015.4
11/13/19,15.7,88.5,1013.2
11/14/19,16.4,82.1,1014.4
11/15/19,16.7,78.5,1021.2
11/16/19,16.8,76.4,1021.9
11/17/19,17.3,78,1019.3
11/18/19,18.2,81.4,1021.7
11/19/19,17.9,78.4,1022.8
11/20/19,18.5,80.3,1019.7
11/21/19,18.6,80.7,1016.6
11/22/19,16.2,75,1017.5
11/23/19,15.9,71.9,1019.2
11/24/19,16.5,77.2,1018.6
11/25/19,15.6,81.1,1008.2
11/26/19,15,78.7,1010.8
11/27/19,14.7,78.4,1015.6
11/28/19,17,75.6,1016.1
11/29/19,19.1,64.1,1015.4
11/30/19,18.1,66.3,1016.1
12/1/19,13.6,55.1,1026.2
12/2/19,12,65.7,1026.1
12/3/19,13.7,78.7,1020.6
12/4/19,11.5,79.5,1026.7
12/5/19,11,66.7,1028.8
12/6/19,11.3,71.6,1027.9
12/7/19,14,79.4,1022.7
12/8/19,13.9,68.5,1019.2
12/9/19,13,75.6,1018.3
12/10/19,13.6,85.8,1010.7
12/11/19,13.3,83.2,1008.3
12/12/19,11.9,81.8,1006.4
12/13/19,12.2,81.6,1005.4
12/14/19,13,83.8,1008.1
12/15/19,13.6,82.9,1025
12/16/19,13.7,85.8,1027.4
12/17/19,13.5,84.8,1027
12/18/19,13.2,84.8,1029.2
12/19/19,15,83.1,1029.8
12/20/19,16.1,83.4,1025.4
12/21/19,15.6,76.7,1019.8
12/22/19,16.8,73,1013.3
12/23/19,13.9,73.5,999.8
12/24/19,12.2,58.2,1009.2
12/25/19,11,51.8,1011
12/26/19,10.4,63.9,1018.5
12/27/19,10.2,60.3,1019.9
12/28/19,8.4,60.9,1017.2
12/29/19,6.5,73.4,1018.9
12/30/19,4,83.9,1024.2
12/31/19,6.5,72.3,1026.7